날짜,종가,오픈,고가,저가,거래량,변동 %
2022-05-05,31.20 ,28.95,33.2,28.95,-,22.74%
2022-05-04,25.42 ,29.12,29.42,24.94,-,-13.09%
2022-05-03,29.25 ,31.76,32.82,29.06,-,-9.55%
2022-05-02,32.34 ,33.35,36.64,31.74,-,-3.17%
2022-04-29,33.40 ,28.97,34.34,28.54,-,11.37%
2022-04-28,29.99 ,29.91,32,28,-,-5.09%
2022-04-27,31.60 ,31.11,32.77,29.82,-,-5.73%
2022-04-26,33.52 ,27.38,33.81,27.06,-,24.06%
2022-04-25,27.02 ,30.04,31.6,26.8,-,-4.22%
2022-04-22,28.21 ,22.71,28.27,22.62,-,24.38%
2022-04-21,22.68 ,20.24,23.28,19.81,-,11.61%
2022-04-20,20.32 ,21.13,21.32,19.75,-,-4.91%
2022-04-19,21.37 ,22.55,22.92,20.36,-,-3.61%
2022-04-18,22.17 ,24.52,24.6,21.98,-,-2.33%
2022-04-15,22.70 ,22.7,22.7,22.7,-,0.00%
2022-04-14,22.70 ,21.72,22.7,20.85,-,4.03%
2022-04-13,21.82 ,23.52,24.45,21.37,-,-10.06%
2022-04-12,24.26 ,24.94,25.38,22.27,-,-0.45%
2022-04-11,24.37 ,23.09,24.42,22.09,-,15.17%
2022-04-08,21.16 ,21.25,22.34,20.28,-,-1.81%
2022-04-07,21.55 ,21.97,23.82,21.12,-,-2.49%
2022-04-06,22.10 ,21.27,24.78,21.24,-,5.09%
2022-04-05,21.03 ,18.79,21.57,18.55,-,13.25%
2022-04-04,18.57 ,20.75,20.78,18.45,-,-5.40%
2022-04-01,19.63 ,20.62,20.86,19.41,-,-4.52%
2022-03-31,20.56 ,19.68,21.48,19.54,-,6.36%
2022-03-30,19.33 ,19.38,20.51,18.72,-,2.28%
2022-03-29,18.90 ,19.7,19.73,18.67,-,-3.72%
2022-03-28,19.63 ,22.14,23.33,19.54,-,-5.67%
2022-03-25,20.81 ,21.87,22.86,20.8,-,-3.97%
2022-03-24,21.67 ,23.61,23.79,21.49,-,-8.06%
2022-03-23,23.57 ,23.04,24.03,22.64,-,2.75%
2022-03-22,22.94 ,24.02,24.02,22.7,-,-2.51%
2022-03-21,23.53 ,25.14,25.36,22.99,-,-1.42%
2022-03-18,23.87 ,26.36,26.82,23.85,-,-7.01%
2022-03-17,25.67 ,26.51,27.47,25.25,-,-3.75%
2022-03-16,26.67 ,29.02,29.8,26.29,-,-10.59%
2022-03-15,29.83 ,33.13,33.83,29.57,-,-6.11%
2022-03-14,31.77 ,31.03,33.18,30.06,-,3.32%
2022-03-11,30.75 ,30.43,31.04,28.84,-,1.72%
2022-03-10,30.23 ,33.03,34.03,30.23,-,-6.84%
2022-03-09,32.45 ,33.74,34.12,31.39,-,-7.63%
2022-03-08,35.13 ,36.19,37.52,32.78,-,-3.62%
2022-03-07,36.45 ,35.88,36.55,32.59,-,13.98%
2022-03-04,31.98 ,31.9,34.65,31.47,-,4.92%
2022-03-03,30.48 ,30.52,32.01,29.31,-,-0.85%
2022-03-02,30.74 ,34.2,34.41,30.12,-,-7.74%
2022-03-01,33.32 ,29.45,35.19,29.44,-,10.51%
2022-02-28,30.15 ,32.44,33.51,28.43,-,9.28%
2022-02-25,27.59 ,31.68,32,26.93,-,-9.00%
2022-02-24,30.32 ,37.5,37.79,29.45,-,-2.26%
2022-02-23,31.02 ,28.04,31.07,27.2,-,7.67%
2022-02-22,28.81 ,31.8,32.04,28.4,-,3.82%
2022-02-18,27.75 ,26.66,29.71,26.38,-,-1.28%
2022-02-17,28.11 ,24.83,28.37,24.76,-,15.73%
2022-02-16,24.29 ,25.19,27.09,23.88,-,-5.49%
2022-02-15,25.70 ,28.09,28.09,25.33,-,-9.28%
2022-02-14,28.33 ,29.17,32.04,28.33,-,3.55%
2022-02-11,27.36 ,24.39,30.99,23.33,-,14.43%
2022-02-10,23.91 ,20.37,24.77,20.18,-,19.79%
2022-02-09,19.96 ,21.27,21.3,19.93,-,-6.90%
2022-02-08,21.44 ,23.09,23.48,21.32,-,-6.21%
2022-02-07,22.86 ,24.09,24.82,22.02,-,-1.55%
2022-02-04,23.22 ,23.77,26.26,22.07,-,-4.64%
2022-02-03,24.35 ,22.63,25.81,22.3,-,10.23%
2022-02-02,22.09 ,21.56,22.73,20.46,-,0.59%
2022-02-01,21.96 ,24.57,25.33,21.96,-,-11.56%
2022-01-31,24.83 ,28.36,29.41,24.71,-,-10.23%
2022-01-28,27.66 ,30.27,32.82,27.28,-,-9.28%
2022-01-27,30.49 ,32.19,33,28.42,-,-4.60%
2022-01-26,31.96 ,29.35,33.04,26.9,-,2.57%
2022-01-25,31.16 ,32.29,35.85,29.13,-,4.21%
2022-01-24,29.90 ,28.2,38.94,28.02,-,3.64%
2022-01-21,28.85 ,25.38,29.79,25.31,-,12.74%
2022-01-20,25.59 ,23.46,25.89,21.68,-,7.30%
2022-01-19,23.85 ,23.12,23.99,21.85,-,4.65%
2022-01-18,22.79 ,21.18,23.2,21.18,-,18.76%
2022-01-14,19.19 ,20.11,22.07,19.05,-,-5.51%
2022-01-13,20.31 ,18.06,20.61,17.45,-,15.27%
2022-01-12,17.62 ,18.17,18.69,17.36,-,-4.29%
2022-01-11,18.41 ,19.62,21,18.2,-,-5.10%
2022-01-10,19.40 ,19.58,23.33,19.29,-,3.41%
2022-01-07,18.76 ,19.85,20.8,18.57,-,-4.33%
2022-01-06,19.61 ,20.29,21.06,19.08,-,-0.61%
2022-01-05,19.73 ,17.07,20.17,16.58,-,16.68%
2022-01-04,16.91 ,16.57,17.81,16.34,-,1.87%
2022-01-03,16.60 ,17.6,18.54,16.56,-,-3.60%
2021-12-31,17.22 ,17.63,18.27,16.99,-,-0.63%
2021-12-30,17.33 ,17.3,17.79,16.62,-,2.24%
2021-12-29,16.95 ,17.63,18,16.71,-,-3.36%
2021-12-28,17.54 ,17.78,18.47,17.51,-,-0.79%
2021-12-27,17.68 ,19.37,19.41,17.55,-,-1.56%
2021-12-24,17.96 ,17.96,17.96,17.96,-,0.00%
2021-12-23,17.96 ,18.81,18.93,17.62,-,-3.60%
2021-12-22,18.63 ,21.04,21.36,18.59,-,-11.33%
2021-12-21,21.01 ,22.28,22.68,20.9,-,-8.13%
2021-12-20,22.87 ,25.89,27.39,22.85,-,6.03%
2021-12-17,21.57 ,20.7,23.26,20.49,-,4.86%
2021-12-16,20.57 ,18.56,22.13,18.19,-,6.64%
2021-12-15,19.29 ,21.6,23.47,19.02,-,-11.88%
2021-12-14,21.89 ,19.67,23,19.67,-,7.78%
2021-12-13,20.31 ,19.29,21.18,18.96,-,8.67%
2021-12-10,18.69 ,21.27,21.3,18.69,-,-13.39%
2021-12-09,21.58 ,20.31,22.12,19.94,-,8.44%
2021-12-08,19.90 ,21.74,23.11,19.85,-,-9.09%
2021-12-07,21.89 ,24.58,24.69,21.58,-,-19.46%
2021-12-06,27.18 ,28.99,30.82,26.75,-,-11.38%
2021-12-03,30.67 ,26.95,35.32,25.89,-,9.73%
2021-12-02,27.95 ,29.44,30.68,27.15,-,-10.19%
2021-12-01,31.12 ,24.92,32.61,22.38,-,14.45%
2021-11-30,27.19 ,26.23,28.56,23.71,-,18.42%
2021-11-29,22.96 ,25.31,25.69,21.71,-,-19.78%
2021-11-26,28.62 ,26.62,28.99,23.88,-,54.04%
2021-11-25,18.58 ,18.58,18.58,18.58,-,0.00%
2021-11-24,18.58 ,19.17,20.96,18.52,-,-4.13%
2021-11-23,19.38 ,20.24,20.91,19.03,-,1.10%
2021-11-22,19.17 ,18.2,19.59,17.35,-,7.04%
2021-11-19,17.91 ,17.36,19.01,17.23,-,1.82%
2021-11-18,17.59 ,16.81,18.15,16.38,-,2.81%
2021-11-17,17.11 ,16.36,17.19,16.28,-,4.52%
2021-11-16,16.37 ,16.86,17.08,16.03,-,-0.73%
2021-11-15,16.49 ,17.03,17.46,16.49,-,1.23%
2021-11-12,16.29 ,17.49,17.69,16.15,-,-7.76%
2021-11-11,17.66 ,18.34,18.39,17.27,-,-5.71%
2021-11-10,18.73 ,17.74,19.9,17.22,-,5.34%
2021-11-09,17.78 ,17.43,18.57,17.21,-,3.25%
2021-11-08,17.22 ,17.23,17.69,16.44,-,4.49%
2021-11-05,16.48 ,15.59,17.02,14.95,-,6.74%
2021-11-04,15.44 ,15.06,16.14,14.73,-,2.25%
2021-11-03,15.10 ,16.11,16.39,14.9,-,-5.80%
2021-11-02,16.03 ,16.54,16.65,15.89,-,-2.32%
2021-11-01,16.41 ,16.85,17.7,16.32,-,0.92%
2021-10-29,16.26 ,17.4,18.06,16.13,-,-1.63%
2021-10-28,16.53 ,17.06,17.16,16.23,-,-2.65%
2021-10-27,16.98 ,15.79,17.29,15.54,-,6.26%
2021-10-26,15.98 ,15.02,16.71,14.9,-,4.86%
2021-10-25,15.24 ,16.14,16.33,15.1,-,-1.23%
2021-10-22,15.43 ,15.35,16.39,14.84,-,2.80%
2021-10-21,15.01 ,16.06,16.11,14.92,-,-3.10%
2021-10-20,15.49 ,15.82,15.89,15.29,-,-1.34%
2021-10-19,15.70 ,16.09,16.31,15.57,-,-3.74%
2021-10-18,16.31 ,17.29,17.93,16.27,-,0.06%
2021-10-15,16.30 ,16.64,16.85,15.72,-,-3.32%
2021-10-14,16.86 ,18.01,18.08,16.8,-,-9.55%
2021-10-13,18.64 ,20.14,20.23,18.44,-,-6.10%
2021-10-12,19.85 ,20.62,20.81,18.97,-,-0.75%
2021-10-11,20.00 ,19.93,20.45,18.11,-,6.55%
2021-10-08,18.77 ,19.46,19.94,18.2,-,-3.94%
2021-10-07,19.54 ,20.54,20.76,19.07,-,-6.95%
2021-10-06,21.00 ,22.95,24.4,20.99,-,-1.41%
2021-10-05,21.30 ,22.92,23.17,20.62,-,-7.23%
2021-10-04,22.96 ,22.9,24.58,21.88,-,8.56%
2021-10-01,21.15 ,24.78,24.89,20.64,-,-8.60%
2021-09-30,23.14 ,21.48,24.71,20.6,-,2.57%
2021-09-29,22.56 ,22.07,23.79,21.45,-,-2.97%
2021-09-28,23.25 ,19.74,24.82,19.71,-,23.93%
2021-09-27,18.76 ,17.78,19.32,17.74,-,5.69%
2021-09-24,17.75 ,19.33,20.41,17.63,-,-4.72%
2021-09-23,18.63 ,19.91,20.21,18.42,-,-10.73%
2021-09-22,20.87 ,22.72,23.4,20.75,-,-14.33%
2021-09-21,24.36 ,23.41,25.6,21.71,-,-5.25%
2021-09-20,25.71 ,24.25,28.79,23.9,-,23.55%
2021-09-17,20.81 ,18.37,21.51,18.35,-,11.34%
2021-09-16,18.69 ,18.41,19.76,17.65,-,2.81%
2021-09-15,18.18 ,19.3,20.27,18.01,-,-6.58%
2021-09-14,19.46 ,19.58,20.47,18.39,-,0.46%
2021-09-13,19.37 ,19.64,21.18,18.76,-,-7.54%
2021-09-10,20.95 ,17.94,21.13,16.99,-,11.44%
2021-09-09,18.80 ,19.44,19.54,17.17,-,4.68%
2021-09-08,17.96 ,18.97,19.64,17.78,-,-0.99%
2021-09-07,18.14 ,16.94,18.39,16.89,-,10.54%
2021-09-03,16.41 ,16.27,17.06,16.08,-,0.00%
2021-09-02,16.41 ,16.27,16.98,15.73,-,1.86%
2021-09-01,16.11 ,16.06,16.71,15.68,-,-2.25%
2021-08-31,16.48 ,15.98,17.07,15.91,-,1.79%
2021-08-30,16.19 ,16.77,16.8,15.98,-,-1.22%
2021-08-27,16.39 ,17.95,18.22,16.11,-,-13.00%
2021-08-26,18.84 ,17.46,19.27,17.16,-,12.21%
2021-08-25,16.79 ,17.42,17.5,16.46,-,-2.50%
2021-08-24,17.22 ,16.96,17.51,16.94,-,0.41%
2021-08-23,17.15 ,18.83,18.95,16.95,-,-7.60%
2021-08-20,18.56 ,22.74,23.9,18.18,-,-14.35%
2021-08-19,21.67 ,23.12,24.74,20.37,-,0.46%
2021-08-18,21.57 ,17.56,21.64,17.31,-,20.44%
2021-08-17,17.91 ,17.31,19.56,16.71,-,11.10%
2021-08-16,16.12 ,17.05,17.71,16.02,-,4.34%
2021-08-13,15.45 ,15.68,15.72,15.19,-,-0.90%
2021-08-12,15.59 ,16.33,16.42,15.49,-,-2.93%
2021-08-11,16.06 ,16.81,17.09,15.87,-,-4.35%
2021-08-10,16.79 ,16.82,17.05,16.34,-,0.42%
2021-08-09,16.72 ,17.12,17.39,16.59,-,3.53%
2021-08-06,16.15 ,17.46,17.5,16.14,-,-6.54%
2021-08-05,17.28 ,17.73,17.84,17.23,-,-3.84%
2021-08-04,17.97 ,18.23,18.9,17.67,-,-0.39%
2021-08-03,18.04 ,19.17,20.44,17.7,-,-7.30%
2021-08-02,19.46 ,18.16,19.87,17.99,-,6.69%
2021-07-30,18.24 ,19.69,19.72,17.53,-,3.05%
2021-07-29,17.70 ,17.91,18.01,17.19,-,-3.33%
2021-07-28,18.31 ,19.41,19.62,17.52,-,-5.42%
2021-07-27,19.36 ,18.62,20.44,18.25,-,10.13%
2021-07-26,17.58 ,18.67,19.39,17.53,-,2.21%
2021-07-23,17.20 ,16.98,17.48,16.33,-,-2.77%
2021-07-22,17.69 ,17.59,18.45,17.4,-,-1.23%
2021-07-21,17.91 ,19.73,19.82,17.81,-,-9.22%
2021-07-20,19.73 ,20.89,22.97,19.37,-,-12.31%
2021-07-19,22.50 ,19.61,25.09,19.27,-,21.95%
2021-07-16,18.45 ,16.8,18.7,16.03,-,8.47%
2021-07-15,17.01 ,16.7,18.09,16.56,-,4.16%
2021-07-14,16.33 ,17.34,17.51,15.95,-,-4.61%
2021-07-13,17.12 ,16.39,17.23,15.94,-,5.88%
2021-07-12,16.17 ,16.85,17.52,16.14,-,-0.06%
2021-07-09,16.18 ,17.88,18.13,16.08,-,-14.84%
2021-07-08,19.00 ,17.74,21.29,17.74,-,17.28%
2021-07-07,16.20 ,16.43,17.64,16.08,-,-1.46%
2021-07-06,16.44 ,15.77,17.94,15.73,-,9.09%
2021-07-02,15.07 ,15.53,15.54,14.25,-,-2.65%
2021-07-01,15.48 ,15.62,16.01,15.31,-,-2.21%
2021-06-30,15.83 ,16.18,17.31,15.58,-,-1.19%
2021-06-29,16.02 ,15.69,16.31,14.1,-,1.65%
2021-06-28,15.76 ,16.07,16.46,15.39,-,0.90%
2021-06-25,15.62 ,16.04,16.17,15.21,-,-2.19%
2021-06-24,15.97 ,15.99,16.05,14.19,-,-2.14%
2021-06-23,16.32 ,16.25,16.84,14.86,-,-2.04%
2021-06-22,16.66 ,17.91,18.32,15.76,-,-6.88%
2021-06-21,17.89 ,21.74,21.82,17.81,-,-13.57%
2021-06-18,20.70 ,16.96,21.04,16.92,-,16.62%
2021-06-17,17.75 ,18.49,19.22,16.71,-,-2.20%
2021-06-16,18.15 ,16.99,19.11,16.42,-,6.64%
2021-06-15,17.02 ,16.27,17.35,16.14,-,3.84%
2021-06-14,16.39 ,16.04,17.04,15.04,-,4.73%
2021-06-11,15.65 ,16.18,16.2,15.15,-,-2.80%
2021-06-10,16.10 ,18.18,18.29,16.01,-,-10.01%
2021-06-09,17.89 ,17.18,17.96,15.55,-,4.80%
2021-06-08,17.07 ,16.58,17.75,15.15,-,3.96%
2021-06-07,16.42 ,17.34,17.35,15.78,-,0.00%
2021-06-04,16.42 ,18.09,18.42,16.18,-,-8.98%
2021-06-03,18.04 ,17.73,19.27,17.45,-,3.20%
2021-06-02,17.48 ,17.86,18.31,16.74,-,-2.35%
2021-06-01,17.90 ,17.24,18.53,15.68,-,6.80%
2021-05-28,16.76 ,16.8,16.86,15.9,-,0.12%
2021-05-27,16.74 ,18.03,18.17,16.52,-,-3.57%
2021-05-26,17.36 ,18.37,18.92,17.35,-,-7.86%
2021-05-25,18.84 ,18.35,19.29,16.87,-,2.39%
2021-05-24,18.40 ,20.5,20.51,18.38,-,-8.68%
2021-05-21,20.15 ,20.42,20.89,19.53,-,-2.52%
2021-05-20,20.67 ,22.33,23.5,20.19,-,-6.81%
2021-05-19,22.18 ,22.46,25.96,21.88,-,3.94%
2021-05-18,21.34 ,18.89,21.45,18.81,-,8.22%
2021-05-17,19.72 ,19.89,21.58,19.67,-,4.84%
2021-05-14,18.81 ,21.77,22.1,18.66,-,-18.68%
2021-05-13,23.13 ,26.03,28.93,22.23,-,-16.17%
2021-05-12,27.59 ,22.42,28.38,21.66,-,26.33%
2021-05-11,21.84 ,21.17,23.73,20.71,-,11.09%
2021-05-10,19.66 ,17.34,19.75,17.07,-,17.80%
2021-05-07,16.69 ,18.45,18.57,16.68,-,-9.24%
2021-05-06,18.39 ,18.41,20.6,18.21,-,-3.97%
2021-05-05,19.15 ,18.84,19.58,17.89,-,-1.69%
2021-05-04,19.48 ,18.16,21.85,18.11,-,6.39%
2021-05-03,18.31 ,18.65,19.12,17.8,-,-1.61%
2021-04-30,18.61 ,17.67,19.25,17.64,-,5.68%
2021-04-29,17.61 ,16.88,18.87,16.77,-,1.91%
2021-04-28,17.28 ,17.47,17.84,16.67,-,-1.59%
2021-04-27,17.56 ,17.62,18.16,16.97,-,-0.45%
2021-04-26,17.64 ,17.94,18.17,16.87,-,1.79%
2021-04-23,17.33 ,18.56,18.78,16.8,-,-7.38%
2021-04-22,18.71 ,17.28,19.9,16.99,-,6.91%
2021-04-21,17.50 ,18.48,19.29,16.91,-,-6.32%
2021-04-20,18.68 ,17.36,19.7,17.24,-,8.04%
2021-04-19,17.29 ,17.04,18.61,16.78,-,6.40%
2021-04-16,16.25 ,16.65,16.88,16.05,-,-1.93%
2021-04-15,16.57 ,16.78,16.92,15.94,-,-2.47%
2021-04-14,16.99 ,16.71,17.69,15.38,-,2.04%
2021-04-13,16.65 ,16.99,17.86,16.43,-,-1.54%
2021-04-12,16.91 ,17.43,17.91,16.81,-,1.32%
2021-04-09,16.69 ,17.05,17.34,16.2,-,-1.53%
2021-04-08,16.95 ,16.92,17.36,16.55,-,-1.22%
2021-04-07,17.16 ,17.99,18.17,16.87,-,-5.30%
2021-04-06,18.12 ,18.07,18.3,17.37,-,1.17%
2021-04-05,17.91 ,18.16,18.4,17.35,-,3.35%
2021-04-02,17.33 ,17.33,17.33,17.33,-,0.00%
2021-04-01,17.33 ,18.6,18.64,17.29,-,-10.67%
2021-03-31,19.40 ,19.8,20.11,18.85,-,-1.07%
2021-03-30,19.61 ,20.76,21.75,19.47,-,-5.45%
2021-03-29,20.74 ,20.4,21.6,19.42,-,9.97%
2021-03-26,18.86 ,19.32,21.49,18.68,-,-4.80%
2021-03-25,19.81 ,20.8,23.55,19.81,-,-6.56%
2021-03-24,21.20 ,20.64,21.49,19.3,-,4.43%
2021-03-23,20.30 ,19.46,21.58,18.8,-,7.52%
2021-03-22,18.88 ,21.91,22.29,18.87,-,-9.88%
2021-03-19,20.95 ,21.43,23.17,19.9,-,-2.92%
2021-03-18,21.58 ,18.95,22.6,18.95,-,12.22%
2021-03-17,19.23 ,20.1,20.95,19.18,-,-2.83%
2021-03-16,19.79 ,20.14,20.31,19.33,-,-1.20%
2021-03-15,20.03 ,21.84,21.86,19.87,-,-3.19%
2021-03-12,20.69 ,22.57,22.99,20.63,-,-5.57%
2021-03-11,21.91 ,22.5,22.5,21.45,-,-2.88%
2021-03-10,22.56 ,23.76,23.87,22.38,-,-6.12%
2021-03-09,24.03 ,25.11,25.25,22.9,-,-5.65%
2021-03-08,25.47 ,27.61,28.39,24.07,-,3.28%
2021-03-05,24.66 ,29.48,30.03,24.33,-,-13.69%
2021-03-04,28.57 ,26.52,31.9,24.93,-,7.12%
2021-03-03,26.67 ,22.8,26.79,22.45,-,10.66%
2021-03-02,24.10 ,23.58,24.6,22.8,-,3.21%
2021-03-01,23.35 ,25.2,25.39,23.17,-,-16.46%
2021-02-26,27.95 ,28.73,30.82,25.23,-,-3.25%
2021-02-25,28.89 ,21.73,31.16,21.52,-,35.38%
2021-02-24,21.34 ,23.76,25.04,21.31,-,-7.66%
2021-02-23,23.11 ,22.82,27.01,22.5,-,-1.45%
2021-02-22,23.45 ,24.46,25.09,21.96,-,6.35%
2021-02-19,22.05 ,23.1,23.19,20.84,-,-1.96%
2021-02-18,22.49 ,21.98,24.23,21.8,-,4.60%
2021-02-17,21.50 ,22.02,23.44,21.09,-,0.19%
2021-02-16,21.46 ,21.13,22.46,20.88,-,7.46%
2021-02-12,19.97 ,21.6,22.45,19.95,-,-6.02%
2021-02-11,21.25 ,22.09,23.25,21.11,-,-3.37%
2021-02-10,21.99 ,21.64,23.85,19.69,-,1.66%
2021-02-09,21.63 ,21.57,22.26,20.65,-,1.84%
2021-02-08,21.24 ,21.89,22.07,21.23,-,1.77%
2021-02-05,20.87 ,21.99,22.16,20.86,-,-4.13%
2021-02-04,21.77 ,23.44,23.44,21.68,-,-4.98%
2021-02-03,22.91 ,24.59,25.43,22.91,-,-10.37%
2021-02-02,25.56 ,28.01,28.08,25.31,-,-15.48%
2021-02-01,30.24 ,31.45,33.96,29.03,-,-8.61%
2021-01-29,33.09 ,35.16,37.51,29.24,-,9.53%
2021-01-28,30.21 ,33.25,36.29,27.39,-,-18.81%
2021-01-27,37.21 ,23.82,37.21,23.71,-,61.64%
2021-01-26,23.02 ,23.91,23.94,22.55,-,-0.73%
2021-01-25,23.19 ,22.31,26.63,22.2,-,5.84%
2021-01-22,21.91 ,22.24,23.73,21.27,-,2.77%
2021-01-21,21.32 ,21.34,22.22,21.09,-,-1.20%
2021-01-20,21.58 ,22.82,22.86,21.37,-,-7.14%
2021-01-19,23.24 ,23.03,23.56,22.53,-,-4.52%
2021-01-15,24.34 ,23.52,25.8,23.08,-,4.69%
2021-01-14,23.25 ,22.22,23.47,21.66,-,4.68%
2021-01-13,22.21 ,23.07,24.18,21.92,-,-4.80%
2021-01-12,23.33 ,23.49,25.15,22.83,-,-3.11%
2021-01-11,24.08 ,23.31,24.81,23.23,-,11.69%
2021-01-08,21.56 ,22.43,23.34,21.42,-,-3.62%
2021-01-07,22.37 ,23.67,23.91,22.25,-,-10.77%
2021-01-06,25.07 ,25.48,26.77,22.14,-,-1.07%
2021-01-05,25.34 ,26.94,28.6,24.8,-,-6.04%
2021-01-04,26.97 ,23.04,29.19,22.56,-,18.55%
2020-12-31,22.75 ,22.99,23.25,21.24,-,-0.09%
2020-12-30,22.77 ,22.58,23.15,22.41,-,-1.34%
2020-12-29,23.08 ,21.61,23.72,20.99,-,6.36%
2020-12-28,21.70 ,22.11,22.12,21.15,-,0.79%
2020-12-25,21.53 ,21.53,21.53,21.53,-,0.00%
2020-12-24,21.53 ,22.47,22.83,21.39,-,-7.64%
2020-12-23,23.31 ,23.49,23.68,22.13,-,-3.80%
2020-12-22,24.23 ,25.24,25.56,23.53,-,-3.70%
2020-12-21,25.16 ,24.25,31.46,24.23,-,16.64%
2020-12-18,21.57 ,22.15,23.77,21.57,-,-1.64%
2020-12-17,21.93 ,21.98,22.27,21.52,-,-2.53%
2020-12-16,22.50 ,22.51,23.67,22.29,-,-1.70%
2020-12-15,22.89 ,24,24.07,22.73,-,-7.40%
2020-12-14,24.72 ,22.67,24.82,21.95,-,6.05%
2020-12-11,23.31 ,22.49,25.14,22.48,-,3.51%
2020-12-10,22.52 ,22.12,23.46,21.53,-,1.12%
2020-12-09,22.27 ,20.66,22.93,20.1,-,7.69%
2020-12-08,20.68 ,21.65,22.25,20.52,-,-2.91%
2020-12-07,21.30 ,22.04,22.62,21.17,-,2.45%
2020-12-04,20.79 ,21.05,21.15,19.97,-,-2.30%
2020-12-03,21.28 ,21.24,21.88,20.72,-,0.52%
2020-12-02,21.17 ,21,21.25,20.04,-,1.93%
2020-12-01,20.77 ,20.21,20.92,20,-,0.97%
2020-11-30,20.57 ,22.64,22.89,20.48,-,-1.30%
2020-11-27,20.84 ,21.52,21.6,19.51,-,-1.93%
2020-11-26,21.25 ,21.25,21.25,21.25,-,0.00%
2020-11-25,21.25 ,21.65,22.5,21.13,-,-1.80%
2020-11-24,21.64 ,22.04,22.48,20.8,-,-4.50%
2020-11-23,22.66 ,23.66,23.96,22.45,-,-4.39%
2020-11-20,23.70 ,23.43,23.73,22.13,-,2.55%
2020-11-19,23.11 ,23.62,24.52,22.56,-,-3.06%
2020-11-18,23.84 ,22.86,23.92,21.66,-,4.98%
2020-11-17,22.71 ,22.84,24.09,22.34,-,1.16%
2020-11-16,22.45 ,23.66,24.08,22.43,-,-2.81%
2020-11-13,23.10 ,24.94,25.03,22.74,-,-8.88%
2020-11-12,25.35 ,24.39,27.27,23.53,-,8.10%
2020-11-11,23.45 ,25.01,25.12,22.57,-,-5.44%
2020-11-10,24.80 ,25.36,26.77,24.35,-,-3.69%
2020-11-09,25.75 ,24.8,25.82,22.41,-,3.58%
2020-11-06,24.86 ,27.87,29.44,24.56,-,-9.86%
2020-11-05,27.58 ,27.56,28.14,26.04,-,-6.73%
2020-11-04,29.57 ,36.79,36.85,28.03,-,-16.82%
2020-11-03,35.55 ,36.44,36.44,34.19,-,-4.26%
2020-11-02,37.13 ,38.57,38.78,36.13,-,-2.34%
2020-10-30,38.02 ,40.81,41.09,36.5,-,1.14%
2020-10-29,37.59 ,38.8,41.16,35.63,-,-6.68%
2020-10-28,40.28 ,34.69,40.77,34.68,-,20.78%
2020-10-27,33.35 ,32.04,33.77,31.85,-,2.74%
2020-10-26,32.46 ,29.38,33.68,29.22,-,17.82%
2020-10-23,27.55 ,28.47,28.67,27.26,-,-1.99%
2020-10-22,28.11 ,30.1,30.12,27.68,-,-1.88%
2020-10-21,28.65 ,29.12,30.55,28.37,-,-2.39%
2020-10-20,29.35 ,28.81,29.6,28.29,-,0.58%
2020-10-19,29.18 ,27.36,29.69,27.04,-,6.46%
2020-10-16,27.41 ,27.16,27.46,26.19,-,1.63%
2020-10-15,26.97 ,27.1,29.06,26.82,-,2.16%
2020-10-14,26.40 ,25.72,27.23,25.53,-,1.27%
2020-10-13,26.07 ,25.67,26.93,25.16,-,3.99%
2020-10-12,25.07 ,25.65,25.65,24.14,-,0.28%
2020-10-09,25.00 ,26.2,26.22,24.03,-,-5.16%
2020-10-08,26.36 ,27.65,27.99,24.88,-,-6.06%
2020-10-07,28.06 ,29.26,29.76,27.94,-,-4.82%
2020-10-06,29.48 ,28.05,30,26.01,-,5.44%
2020-10-05,27.96 ,29.52,29.69,27.27,-,1.19%
2020-10-02,27.63 ,28.87,29.9,26.93,-,3.48%
2020-10-01,26.70 ,25.78,27.11,25.33,-,1.25%
2020-09-30,26.37 ,26.69,27.12,25.06,-,0.38%
2020-09-29,26.27 ,26.81,27.43,25.98,-,0.31%
2020-09-28,26.19 ,27.15,27.19,24.9,-,-0.72%
2020-09-25,26.38 ,28.17,30.43,26.02,-,-7.47%
2020-09-24,28.51 ,29.54,30.49,27.94,-,-0.24%
2020-09-23,28.58 ,27.02,29.73,25.19,-,6.40%
2020-09-22,26.86 ,28.61,28.78,26.48,-,-3.31%
2020-09-21,27.78 ,28.04,31.18,27.39,-,7.55%
2020-09-18,25.83 ,26.65,28.1,25.28,-,-2.38%
2020-09-17,26.46 ,28.22,28.92,26.26,-,1.61%
2020-09-16,26.04 ,25.31,26.59,24.84,-,1.76%
2020-09-15,25.59 ,25.92,26,24.92,-,-1.01%
2020-09-14,25.85 ,25.86,26.79,25.38,-,-3.80%
2020-09-11,26.87 ,28.63,29.73,26.51,-,-9.56%
2020-09-10,29.71 ,28.67,30.56,27.59,-,3.12%
2020-09-09,28.81 ,31.68,31.78,28.12,-,-8.42%
2020-09-08,31.46 ,30.61,35.93,30.52,-,2.31%
2020-09-04,30.75 ,34.62,38.28,29.5,-,-8.48%
2020-09-03,33.60 ,26.28,35.94,25.66,-,26.46%
2020-09-02,26.57 ,26.01,27.07,25.53,-,1.72%
2020-09-01,26.12 ,25.86,26.59,25.02,-,-1.10%
2020-08-31,26.41 ,23.91,26.5,21.77,-,15.03%
2020-08-28,22.96 ,24.59,26.3,22.64,-,-6.17%
2020-08-27,24.47 ,23.42,27.09,21.44,-,5.16%
2020-08-26,23.27 ,22.14,23.27,20.92,-,5.63%
2020-08-25,22.03 ,22.16,23.43,21.53,-,-1.52%
2020-08-24,22.37 ,22.87,23.18,21.25,-,-0.75%
2020-08-21,22.54 ,22.58,24.47,22.06,-,-0.79%
2020-08-20,22.72 ,24.1,24.6,22.37,-,0.80%
2020-08-19,22.54 ,21.6,22.98,20.99,-,4.79%
2020-08-18,21.51 ,21.69,22.55,21.18,-,0.75%
2020-08-17,21.35 ,22.52,22.82,21.34,-,-3.17%
2020-08-14,22.05 ,22.27,23.55,21.79,-,-0.36%
2020-08-13,22.13 ,22.2,22.92,21.45,-,-0.67%
2020-08-12,22.28 ,22.82,22.88,21.54,-,-7.28%
2020-08-11,24.03 ,21.85,24.93,20.28,-,8.59%
2020-08-10,22.13 ,22.88,23.52,21.46,-,-0.36%
2020-08-07,22.21 ,23.45,24.02,22.02,-,-1.94%
2020-08-06,22.65 ,23.03,24.11,20.97,-,-1.48%
2020-08-05,22.99 ,23.44,23.61,22.86,-,-3.24%
2020-08-04,23.76 ,24.01,24.76,22.92,-,-2.14%
2020-08-03,24.28 ,25.75,26.01,22.17,-,-0.74%
2020-07-31,24.46 ,24.79,26.41,23.55,-,-1.21%
2020-07-30,24.76 ,25.04,28.29,24.64,-,2.74%
2020-07-29,24.10 ,25.16,25.42,23.73,-,-5.27%
2020-07-28,25.44 ,24.86,25.85,24.05,-,2.83%
2020-07-27,24.74 ,26.6,26.94,24.55,-,-4.26%
2020-07-24,25.84 ,27.96,28.58,25.53,-,-0.92%
2020-07-23,26.08 ,23.97,26.95,23.6,-,7.24%
2020-07-22,24.32 ,24.56,26.26,24.13,-,-2.09%
2020-07-21,24.84 ,24.08,25.65,23.61,-,1.55%
2020-07-20,24.46 ,26.94,27.08,24.35,-,-4.75%
2020-07-17,25.68 ,27.15,27.54,25.41,-,-8.29%
2020-07-16,28.00 ,28.41,29.29,26.98,-,0.86%
2020-07-15,27.76 ,29.15,30.09,27.17,-,-5.96%
2020-07-14,29.52 ,31.14,33.67,29.21,-,-8.29%
2020-07-13,32.19 ,27.85,32.45,26.87,-,17.96%
2020-07-10,27.29 ,30.86,30.91,27.13,-,-6.73%
2020-07-09,29.26 ,28.18,31.48,26.11,-,4.20%
2020-07-08,28.08 ,28.95,30.2,27.24,-,-4.59%
2020-07-07,29.43 ,28.77,29.63,27.25,-,5.33%
2020-07-06,27.94 ,27.76,28.33,24.92,-,0.94%
2020-07-03,27.68 ,27.68,27.68,27.68,-,0.00%
2020-07-02,27.68 ,28.33,28.44,25.9,-,-3.28%
2020-07-01,28.62 ,30.96,31.76,28.2,-,-5.95%
2020-06-30,30.43 ,32.54,32.94,29.56,-,-4.25%
2020-06-29,31.78 ,35.05,36.31,31.78,-,-8.49%
2020-06-26,34.73 ,33.01,36.25,31.04,-,7.79%
2020-06-25,32.22 ,36.59,36.93,31.59,-,-4.79%
2020-06-24,33.84 ,31.05,37.12,30.95,-,7.87%
2020-06-23,31.37 ,31.71,31.71,29.26,-,-1.26%
2020-06-22,31.77 ,35.22,35.39,31.64,-,-9.54%
2020-06-19,35.12 ,32.07,35.12,30.4,-,6.62%
2020-06-18,32.94 ,33.83,36.25,32.24,-,-1.58%
2020-06-17,33.47 ,33.28,35.17,32.25,-,-0.59%
2020-06-16,33.67 ,34.28,37.45,31.73,-,-2.12%
2020-06-15,34.40 ,44.09,44.44,34.28,-,-4.68%
2020-06-12,36.09 ,37.68,44.16,34.97,-,-11.52%
2020-06-11,40.79 ,30.45,42.58,29.49,-,47.95%
2020-06-10,27.57 ,26.73,29.01,26.06,-,0.00%
2020-06-09,27.57 ,25.93,27.7,25.71,-,6.82%
2020-06-08,25.81 ,25.56,25.98,24.65,-,5.26%
2020-06-05,24.52 ,24.79,25.09,23.54,-,-5.00%
2020-06-04,25.81 ,26.23,26.43,24.38,-,0.58%
2020-06-03,25.66 ,26.75,26.98,25.04,-,-4.40%
2020-06-02,26.84 ,28.4,28.52,26.66,-,-4.92%
2020-06-01,28.23 ,28.94,30.6,28.11,-,2.62%
2020-05-29,27.51 ,29.3,30.16,27.29,-,-3.78%
2020-05-28,28.59 ,27.82,29.89,27.43,-,3.51%
2020-05-27,27.62 ,27.62,30.53,25.92,-,-1.39%
2020-05-26,28.01 ,27.72,28.58,27.18,-,-0.53%
2020-05-22,28.16 ,31.36,31.55,28.03,-,-4.64%
2020-05-21,29.53 ,28.97,30.2,27.67,-,5.50%
2020-05-20,27.99 ,29.52,29.83,27.83,-,-8.32%
2020-05-19,30.53 ,28.73,30.74,28.37,-,4.20%
2020-05-18,29.30 ,30.71,31.08,28.35,-,-8.12%
2020-05-15,31.89 ,32.5,35.13,31.04,-,-2.21%
2020-05-14,32.61 ,35.16,39.28,32.33,-,-7.57%
2020-05-13,35.28 ,32.74,37.42,30.77,-,6.78%
2020-05-12,33.04 ,28.47,33.04,26,-,19.84%
2020-05-11,27.57 ,28.46,31.46,26.97,-,-1.47%
2020-05-08,27.98 ,30.14,30.39,27.89,-,-11.01%
2020-05-07,31.44 ,32.12,32.28,30.37,-,-7.85%
2020-05-06,34.12 ,32.69,35.69,31.68,-,1.52%
2020-05-05,33.61 ,34.82,36.22,31.95,-,-6.56%
2020-05-04,35.97 ,39.13,40.32,35.53,-,-3.28%
2020-05-01,37.19 ,38.17,39.57,36.59,-,8.90%
2020-04-30,34.15 ,30.99,35.94,30.93,-,9.35%
2020-04-29,31.23 ,32.48,33.19,30.71,-,-6.97%
2020-04-28,33.57 ,33.21,35.39,30.54,-,0.84%
2020-04-27,33.29 ,36.29,36.44,32.51,-,-7.35%
2020-04-24,35.93 ,41.91,42.08,35.6,-,-13.17%
2020-04-23,41.38 ,41.3,42.47,39.06,-,-1.43%
2020-04-22,41.98 ,44.91,45.07,41.41,-,-7.55%
2020-04-21,45.41 ,44.28,47.77,43.77,-,3.60%
2020-04-20,43.83 ,40.68,43.83,39.88,-,14.89%
2020-04-17,38.15 ,39.5,40.26,37.63,-,-4.89%
2020-04-16,40.11 ,41.92,43.02,39.87,-,-1.79%
2020-04-15,40.84 ,39.4,43.23,39.34,-,8.16%
2020-04-14,37.76 ,40.24,40.57,37.31,-,-8.28%
2020-04-13,41.17 ,44.6,45.04,41.17,-,-1.20%
2020-04-09,41.67 ,43,45.73,41.39,-,-3.88%
2020-04-08,43.35 ,45.9,47.28,42.53,-,-7.17%
2020-04-07,46.70 ,44.83,47.51,43.51,-,3.23%
2020-04-06,45.24 ,44.17,45.73,43.45,-,-3.33%
2020-04-03,46.80 ,51.11,52.29,46.74,-,-8.07%
2020-04-02,50.91 ,54.46,57.24,50.45,-,-10.78%
2020-04-01,57.06 ,57.38,60.59,52.76,-,6.57%
2020-03-31,53.54 ,56.69,58.75,50.88,-,-6.20%
2020-03-30,57.08 ,66.3,67.69,56.6,-,-12.91%
2020-03-27,65.54 ,64.95,69.1,61.8,-,7.44%
2020-03-26,61.00 ,65.67,67.06,57.66,-,-4.61%
2020-03-25,63.95 ,61.44,68.86,58.03,-,3.70%
2020-03-24,61.67 ,58.76,61.88,36.24,-,0.13%
2020-03-23,61.59 ,74.08,76.74,60.46,-,-6.74%
2020-03-20,66.04 ,67.86,69.51,57.42,-,-8.28%
2020-03-19,72.00 ,80.62,84.26,68.57,-,-5.82%
2020-03-18,76.45 ,69.37,85.47,69.37,-,0.71%
2020-03-17,75.91 ,82.69,84.83,70.37,-,-8.20%
2020-03-16,82.69 ,57.83,83.56,57.83,-,42.99%
2020-03-13,57.83 ,71.31,77.57,55.17,-,-23.37%
2020-03-12,75.47 ,61.46,76.83,59.91,-,40.02%
2020-03-11,53.90 ,52.24,55.82,49.98,-,13.95%
2020-03-10,47.30 ,49.68,55.66,43.56,-,-13.15%
2020-03-09,54.46 ,41.94,62.12,41.94,-,29.85%
2020-03-06,41.94 ,41.46,54.39,40.84,-,5.86%
2020-03-05,39.62 ,33.61,42.84,33.54,-,23.85%
2020-03-04,31.99 ,34.44,35.58,30.3,-,-13.12%
2020-03-03,36.82 ,33.64,41.06,24.93,-,10.17%
2020-03-02,33.42 ,34.86,43.77,31.5,-,-16.68%
2020-02-28,40.11 ,42.02,49.48,39.37,-,2.43%
2020-02-27,39.16 ,28.95,39.31,27.79,-,42.09%
2020-02-26,27.56 ,26.63,29.57,24.76,-,-1.04%
2020-02-25,27.85 ,22.19,30.25,22.19,-,11.27%
2020-02-24,25.03 ,22.25,26.35,22,-,46.55%
2020-02-21,17.08 ,17.33,18.21,16.19,-,9.77%
2020-02-20,15.56 ,14.54,17.21,14.49,-,8.21%
2020-02-19,14.38 ,14.66,14.74,14.21,-,-3.03%
2020-02-18,14.83 ,14.98,15.49,14.53,-,8.41%
2020-02-14,13.68 ,14.12,14.54,13.38,-,-3.32%
2020-02-13,14.15 ,14.43,15.44,14,-,2.98%
2020-02-12,13.74 ,14.86,14.88,13.73,-,-9.49%
2020-02-11,15.18 ,14.91,15.27,14.38,-,0.93%
2020-02-10,15.04 ,15.88,16.43,15.01,-,-2.78%
2020-02-07,15.47 ,15.07,16.16,14.81,-,3.41%
2020-02-06,14.96 ,15.13,15.66,14.7,-,-1.25%
2020-02-05,15.15 ,16.29,16.32,15.02,-,-5.61%
2020-02-04,16.05 ,16.45,16.46,15.63,-,-10.68%
2020-02-03,17.97 ,18.64,18.88,17.1,-,-4.62%
2020-01-31,18.84 ,16.25,19.99,16.18,-,21.63%
2020-01-30,15.49 ,17.82,18.39,15.3,-,-5.49%
2020-01-29,16.39 ,15.68,16.65,14.94,-,0.68%
2020-01-28,16.28 ,16.94,18.03,15.69,-,-10.70%
2020-01-27,18.23 ,17.42,19.02,16.82,-,25.21%
2020-01-24,14.56 ,12.75,15.98,12.62,-,12.17%
2020-01-23,12.98 ,13.26,14.15,12.94,-,0.54%
2020-01-22,12.91 ,12.45,13.01,12.31,-,0.47%
2020-01-21,12.85 ,13.23,13.33,12.32,-,6.20%
2020-01-17,12.10 ,12.21,12.48,11.75,-,-1.79%
2020-01-16,12.32 ,12.2,12.42,11.78,-,-0.81%
2020-01-15,12.42 ,12.79,12.83,11.95,-,0.24%
2020-01-14,12.39 ,12.72,13.82,12.05,-,0.57%
2020-01-13,12.32 ,12.84,13.09,12.32,-,-1.91%
2020-01-10,12.56 ,12.42,12.87,12.09,-,0.16%
2020-01-09,12.54 ,12.95,13.24,12.53,-,-6.77%
2020-01-08,13.45 ,15.16,15.24,12.83,-,-2.47%
2020-01-07,13.79 ,13.84,14.46,13.39,-,-0.43%
2020-01-06,13.85 ,15.45,16.39,13.54,-,-1.21%
2020-01-03,14.02 ,15.01,16.2,13.13,-,12.43%
2020-01-02,12.47 ,13.46,13.72,12.42,-,-9.51%
2019-12-31,13.78 ,14.84,15.39,13.75,-,-7.02%
2019-12-30,14.82 ,13.74,15.14,13.44,-,10.35%
2019-12-27,13.43 ,12.61,13.72,11.89,-,6.17%
2019-12-26,12.65 ,12.74,12.75,11.72,-,-0.16%
2019-12-24,12.67 ,12.65,12.84,12.56,-,0.48%
2019-12-23,12.61 ,12.81,12.9,12.41,-,0.80%
2019-12-20,12.51 ,12.55,12.61,12.04,-,0.08%
2019-12-19,12.50 ,12.55,12.78,12.43,-,-0.64%
2019-12-18,12.58 ,12.24,12.7,11.93,-,2.36%
2019-12-17,12.29 ,12.23,12.47,11.9,-,1.24%
2019-12-16,12.14 ,12.47,12.53,11.71,-,-3.88%
2019-12-13,12.63 ,13.18,14.35,12.54,-,-9.40%
2019-12-12,13.94 ,14.94,15.55,13.6,-,-7.00%
2019-12-11,14.99 ,15.57,15.97,14.98,-,-4.40%
2019-12-10,15.68 ,15.8,16.9,14.93,-,-1.13%
2019-12-09,15.86 ,14.25,16.07,12.25,-,16.45%
2019-12-06,13.62 ,14.37,14.47,13.19,-,-6.20%
2019-12-05,14.52 ,14.46,15.37,14.17,-,-1.89%
2019-12-04,14.80 ,16.38,16.4,14.12,-,-7.27%
2019-12-03,15.96 ,14.68,17.99,14.61,-,7.04%
2019-12-02,14.91 ,12.69,15.27,12.55,-,18.15%
2019-11-29,12.62 ,12.5,12.83,12.12,-,7.40%
2019-11-27,11.75 ,11.55,11.79,11.44,-,1.82%
2019-11-26,11.54 ,11.88,12.04,11.42,-,-2.78%
2019-11-25,11.87 ,12.51,12.59,11.73,-,-3.81%
2019-11-22,12.34 ,12.82,13.25,12.33,-,-6.02%
2019-11-21,13.13 ,13.35,13.86,12.49,-,2.74%
2019-11-20,12.78 ,13.42,14.17,12.61,-,-0.62%
2019-11-19,12.86 ,12.33,13.01,12.16,-,3.21%
2019-11-18,12.46 ,12.39,13.1,12.32,-,3.40%
2019-11-15,12.05 ,12.95,12.97,11.92,-,-7.66%
2019-11-14,13.05 ,13.16,13.81,12.93,-,0.38%
2019-11-13,13.00 ,12.91,13.9,12.88,-,2.52%
2019-11-12,12.68 ,12.64,13.1,12.36,-,-0.08%
2019-11-11,12.69 ,13.15,13.49,12.66,-,5.14%
2019-11-08,12.07 ,12.98,13.05,12,-,-5.18%
2019-11-07,12.73 ,12.59,12.89,12.26,-,0.87%
2019-11-06,12.62 ,13.18,13.39,12.6,-,-3.66%
2019-11-05,13.10 ,12.85,13.28,12.25,-,2.10%
2019-11-04,12.83 ,12.68,13.13,12.44,-,4.31%
2019-11-01,12.30 ,12.99,13.12,12.25,-,-6.96%
2019-10-31,13.22 ,12.21,13.95,12.19,-,7.22%
2019-10-30,12.33 ,13.23,13.77,12.27,-,-6.59%
2019-10-29,13.20 ,13.16,13.52,13.07,-,0.69%
2019-10-28,13.11 ,13.01,13.14,12.66,-,3.64%
2019-10-25,12.65 ,13.53,13.79,12.62,-,-7.73%
2019-10-24,13.71 ,13.98,14.34,13.4,-,-2.14%
2019-10-23,14.01 ,14.83,15.12,14.01,-,-3.11%
2019-10-22,14.46 ,13.99,14.61,13.7,-,3.29%
2019-10-21,14.00 ,14.24,14.63,14,-,-1.75%
2019-10-18,14.25 ,14.2,15.16,13.78,-,3.34%
2019-10-17,13.79 ,13.79,14.18,13.31,-,0.80%
2019-10-16,13.68 ,13.94,14.26,13.6,-,1.03%
2019-10-15,13.54 ,13.94,14.43,13.39,-,-7.07%
2019-10-14,14.57 ,15.66,16.5,14.51,-,-6.48%
2019-10-11,15.58 ,17.35,17.44,15.11,-,-11.33%
2019-10-10,17.57 ,19.28,19.8,17.56,-,-5.74%
2019-10-09,18.64 ,19.94,20,17.77,-,-8.09%
2019-10-08,20.28 ,17.61,20.38,17.42,-,13.55%
2019-10-07,17.86 ,18.27,18.52,16.44,-,4.81%
2019-10-04,17.04 ,19.42,19.97,16.97,-,-10.88%
2019-10-03,19.12 ,20.11,21.44,19.03,-,-7.00%
2019-10-02,20.56 ,18.75,21.46,18.75,-,10.78%
2019-10-01,18.56 ,16.02,18.62,15.79,-,14.29%
2019-09-30,16.24 ,17.23,17.35,16.2,-,-5.69%
2019-09-27,17.22 ,15.77,18.69,15.15,-,7.16%
2019-09-26,16.07 ,16.23,17.09,15.35,-,0.69%
2019-09-25,15.96 ,17.05,18.45,15.69,-,-6.39%
2019-09-24,17.05 ,14.77,17.62,14.33,-,14.35%
2019-09-23,14.91 ,15.35,16,14.71,-,-2.68%
2019-09-20,15.32 ,13.94,15.84,13.35,-,9.04%
2019-09-19,14.05 ,14.66,14.66,13.31,-,0.72%
2019-09-18,13.95 ,14.61,15.8,13.8,-,-3.39%
2019-09-17,14.44 ,14.92,15.03,14.4,-,-1.57%
2019-09-16,14.67 ,14.89,15.29,14.5,-,6.77%
2019-09-13,13.74 ,14.16,14.31,13.51,-,-3.38%
2019-09-12,14.22 ,14.69,14.94,13.85,-,-2.67%
2019-09-11,14.61 ,15.33,15.52,14.55,-,-3.88%
2019-09-10,15.20 ,15.53,16.52,15.11,-,-0.46%
2019-09-09,15.27 ,15.26,16.13,14.95,-,1.80%
2019-09-06,15.00 ,15.92,16.06,14.91,-,-7.81%
2019-09-05,16.27 ,16.92,17.05,15.45,-,-6.12%
2019-09-04,17.33 ,18.23,18.83,17.26,-,-11.85%
2019-09-03,19.66 ,20.96,21.15,19.41,-,3.58%
2019-08-30,18.98 ,17.94,19.18,17.09,-,6.15%
2019-08-29,17.88 ,19.02,19.2,17.6,-,-7.60%
2019-08-28,19.35 ,20.55,21.64,19.1,-,-4.73%
2019-08-27,20.31 ,20.18,21.04,18.49,-,5.12%
2019-08-26,19.32 ,20.34,21.33,19.06,-,-2.77%
2019-08-23,19.87 ,16.15,21.07,16.04,-,19.12%
2019-08-22,16.68 ,16.12,17.68,15.63,-,5.57%
2019-08-21,15.80 ,17.01,17.04,15.51,-,-9.71%
2019-08-20,17.50 ,16.78,17.7,16.45,-,3.67%
2019-08-19,16.88 ,17.93,18.22,16.52,-,-8.61%
2019-08-16,18.47 ,20.48,20.5,18.41,-,-12.80%
2019-08-15,21.18 ,21.58,24.1,20.78,-,-4.16%
2019-08-14,22.10 ,17.81,22.71,17.75,-,26.14%
2019-08-13,17.52 ,21.28,21.64,17.52,-,-16.93%
2019-08-12,21.09 ,17.87,21.26,17.77,-,17.36%
2019-08-09,17.97 ,18.14,19.44,17.31,-,6.27%
2019-08-08,16.91 ,19.36,19.89,16.82,-,-13.24%
2019-08-07,19.49 ,20.7,23.67,18.94,-,-3.37%
2019-08-06,20.17 ,22.29,22.87,19.77,-,-17.97%
2019-08-05,24.59 ,19.96,24.81,19.91,-,39.64%
2019-08-02,17.61 ,17.69,20.11,17.04,-,-1.45%
2019-08-01,17.87 ,15.41,19.46,13.73,-,10.86%
2019-07-31,16.12 ,13.83,16.55,13.46,-,15.64%
2019-07-30,13.94 ,12.87,14.18,12.87,-,8.65%
2019-07-29,12.83 ,12.15,13.17,12.15,-,5.51%
2019-07-26,12.16 ,12.58,12.72,12.01,-,-4.55%
2019-07-25,12.74 ,12.24,13.54,11.69,-,5.55%
2019-07-24,12.07 ,12.8,13.1,11.98,-,-4.28%
2019-07-23,12.61 ,13.42,13.52,12.55,-,-6.80%
2019-07-22,13.53 ,14.55,14.7,13.42,-,-6.37%
2019-07-19,14.45 ,13.31,14.45,13.09,-,6.80%
2019-07-18,13.53 ,14.45,14.5,13.19,-,-3.15%
2019-07-17,13.97 ,12.62,13.97,12.24,-,8.63%
2019-07-16,12.86 ,12.61,13.14,12.28,-,1.42%
2019-07-15,12.68 ,12.58,13.02,12.49,-,2.34%
2019-07-12,12.39 ,12.76,12.82,12.28,-,-4.18%
2019-07-11,12.93 ,13.01,13.33,12.39,-,-0.77%
2019-07-10,13.03 ,14.38,14.69,12.98,-,-7.52%
2019-07-09,14.09 ,14.47,14.71,13.99,-,0.93%
2019-07-08,13.96 ,13.73,14.44,13.64,-,5.12%
2019-07-05,13.28 ,13,14.47,12.04,-,5.65%
2019-07-03,12.57 ,13.18,13.19,12.56,-,-2.78%
2019-07-02,12.93 ,14.16,14.3,12.9,-,-8.04%
2019-07-01,14.06 ,13.85,14.64,13.8,-,-6.76%
2019-06-28,15.08 ,15.7,16.13,15.08,-,-4.68%
2019-06-27,15.82 ,15.66,16.4,15.66,-,-2.41%
2019-06-26,16.21 ,16.1,16.6,15.47,-,-0.43%
2019-06-25,16.28 ,15.43,16.68,15.1,-,6.68%
2019-06-24,15.26 ,15.46,15.56,15.23,-,-0.91%
2019-06-21,15.40 ,14.74,15.48,14.42,-,4.41%
2019-06-20,14.75 ,14.04,16.03,13.19,-,2.93%
2019-06-19,14.33 ,15.05,15.71,14.15,-,-5.41%
2019-06-18,15.15 ,14.89,15.54,14.62,-,-1.30%
2019-06-17,15.35 ,15.65,15.76,15.24,-,0.46%
2019-06-14,15.28 ,16,16.4,15.21,-,-3.41%
2019-06-13,15.82 ,16.16,16.21,15.61,-,-0.57%
2019-06-12,15.91 ,16.26,16.43,15.78,-,-0.50%
2019-06-11,15.99 ,15.84,16.7,15.5,-,0.31%
2019-06-10,15.94 ,16.3,16.47,15.84,-,-2.21%
2019-06-07,16.30 ,15.65,16.44,15.33,-,2.32%
2019-06-06,15.93 ,16.25,16.54,15.36,-,-0.99%
2019-06-05,16.09 ,17.06,17.49,16.04,-,-5.19%
2019-06-04,16.97 ,18.74,18.74,16.97,-,-10.02%
2019-06-03,18.86 ,19.41,19.75,18.16,-,0.80%
2019-05-31,18.71 ,19.05,19.72,18.01,-,8.15%
2019-05-30,17.30 ,17.47,18.11,16.72,-,-3.35%
2019-05-29,17.90 ,18.55,19.04,17.62,-,2.29%
2019-05-28,17.50 ,16.55,17.7,15.9,-,10.41%
2019-05-24,15.85 ,16.34,16.52,15.52,-,-6.32%
2019-05-23,16.92 ,15.93,18.05,15.28,-,14.71%
2019-05-22,14.75 ,15.06,15.44,14.42,-,-1.34%
2019-05-21,14.95 ,15.86,16.22,14.79,-,-8.34%
2019-05-20,16.31 ,15.88,17.63,15.46,-,2.19%
2019-05-17,15.96 ,15.89,16.81,14.86,-,4.38%
2019-05-16,15.29 ,16.69,17.13,15.16,-,-7.00%
2019-05-15,16.44 ,17.57,19.15,16.41,-,-8.97%
2019-05-14,18.06 ,19.4,19.65,17.45,-,-12.12%
2019-05-13,20.55 ,18.62,21.32,18.35,-,28.12%
2019-05-10,16.04 ,18.79,20.19,15.57,-,-16.02%
2019-05-09,19.10 ,21.4,23.38,18.87,-,-1.55%
2019-05-08,19.40 ,18.95,21.74,18.29,-,0.41%
2019-05-07,19.32 ,15.9,21.84,15.8,-,25.13%
2019-05-06,15.44 ,12.89,18.8,12.89,-,19.97%
2019-05-03,12.87 ,14.11,14.15,12.8,-,-10.75%
2019-05-02,14.42 ,14.35,15.92,13.8,-,-2.57%
2019-05-01,14.80 ,12.86,14.83,12.74,-,12.80%
2019-04-30,13.12 ,13.11,14.05,12.88,-,0.08%
2019-04-29,13.11 ,13.04,13.27,12.65,-,2.99%
2019-04-26,12.73 ,13.44,13.62,12.49,-,-3.92%
2019-04-25,13.25 ,13.29,14.3,12.81,-,0.84%
2019-04-24,13.14 ,12.53,13.23,12.26,-,7.00%
2019-04-23,12.28 ,12.66,12.69,12.08,-,-1.13%
2019-04-22,12.42 ,13.21,13.36,12.38,-,2.73%
2019-04-19,12.09 ,12.09,12.09,12.09,-,0.00%
2019-04-18,12.09 ,12.8,13.12,12.02,-,-4.05%
2019-04-17,12.60 ,12.12,13.02,11.03,-,3.45%
2019-04-16,12.18 ,12.26,12.47,11.85,-,-1.14%
2019-04-15,12.32 ,12.46,13.14,12.24,-,2.58%
2019-04-12,12.01 ,12.96,12.96,11.95,-,-7.76%
2019-04-11,13.02 ,13.37,13.58,12.91,-,-2.11%
2019-04-10,13.30 ,14.09,14.29,13.27,-,-6.86%
2019-04-09,14.28 ,13.46,14.39,13.31,-,8.35%
2019-04-08,13.18 ,13.55,13.77,13.1,-,2.81%
2019-04-05,12.82 ,13.46,13.47,12.17,-,-5.60%
2019-04-04,13.58 ,13.84,14.03,13.4,-,-1.16%
2019-04-03,13.74 ,13.06,14.27,12.85,-,2.84%
2019-04-02,13.36 ,13.62,13.68,13.13,-,-0.30%
2019-04-01,13.40 ,13.9,14.01,13.32,-,-2.26%
2019-03-29,13.71 ,14.19,14.43,13.64,-,-4.99%
2019-03-28,14.43 ,15.38,15.62,14.41,-,-4.75%
2019-03-27,15.15 ,14.52,16.71,14.51,-,3.20%
2019-03-26,14.68 ,16.22,16.3,14.67,-,-10.10%
2019-03-25,16.33 ,17.76,17.85,16.26,-,-0.91%
2019-03-22,16.48 ,13.77,17.52,13.62,-,20.91%
2019-03-21,13.63 ,14.11,14.56,13.26,-,-2.01%
2019-03-20,13.91 ,13.54,14.3,13.05,-,2.58%
2019-03-19,13.56 ,12.89,13.77,12.37,-,3.51%
2019-03-18,13.10 ,13.13,13.8,13,-,1.71%
2019-03-15,12.88 ,13.21,13.28,12.5,-,-4.59%
2019-03-14,13.50 ,13.35,13.84,13.16,-,0.67%
2019-03-13,13.41 ,14,14.05,13.25,-,-2.61%
2019-03-12,13.77 ,13.97,14.7,13.61,-,-3.91%
2019-03-11,14.33 ,16.28,16.43,14.33,-,-10.72%
2019-03-08,16.05 ,17.38,18.33,16.02,-,-3.25%
2019-03-07,16.59 ,16.33,17.81,15.54,-,5.40%
2019-03-06,15.74 ,14.91,16.11,14.74,-,6.78%
2019-03-05,14.74 ,14.52,15.39,14.26,-,0.75%
2019-03-04,14.63 ,13.77,16.98,13.38,-,7.81%
2019-03-01,13.57 ,14.57,14.84,13.41,-,-8.19%
2019-02-28,14.78 ,15.17,15.24,14.39,-,0.54%
2019-02-27,14.70 ,15.53,16.17,14.7,-,-3.10%
2019-02-26,15.17 ,15.16,15.28,14.52,-,2.15%
2019-02-25,14.85 ,13.91,14.9,13.44,-,9.92%
2019-02-22,13.51 ,14.46,14.47,13.51,-,-6.57%
2019-02-21,14.46 ,14,15.17,13.85,-,3.14%
2019-02-20,14.02 ,14.92,15.19,13.99,-,-5.78%
2019-02-19,14.88 ,15.65,16.16,14.64,-,-0.20%
2019-02-15,14.91 ,16.82,16.82,14.79,-,-8.08%
2019-02-14,16.22 ,15.61,17.27,15.3,-,3.64%
2019-02-13,15.65 ,15.46,15.91,15,-,1.43%
2019-02-12,15.43 ,15.23,15.65,14.95,-,-3.38%
2019-02-11,15.97 ,16.17,16.5,15.34,-,1.59%
2019-02-08,15.72 ,16.81,17.63,15.62,-,-3.97%
2019-02-07,16.37 ,15.66,17.89,15.51,-,6.44%
2019-02-06,15.38 ,15.44,15.87,15.09,-,-1.22%
2019-02-05,15.57 ,15.79,15.94,15.04,-,-1.02%
2019-02-04,15.73 ,16.72,16.73,15.6,-,-2.54%
2019-02-01,16.14 ,16.63,16.83,16.08,-,-2.60%
2019-01-31,16.57 ,17.39,17.72,16.54,-,-6.17%
2019-01-30,17.66 ,19.15,19.31,17.54,-,-7.68%
2019-01-29,19.13 ,19.45,19.93,18.42,-,1.38%
2019-01-28,18.87 ,18.56,20.42,18.42,-,8.32%
2019-01-25,17.42 ,18.43,18.46,17.31,-,-7.78%
2019-01-24,18.89 ,19.69,20.25,18.63,-,-3.23%
2019-01-23,19.52 ,20.85,22.02,19.47,-,-6.15%
2019-01-22,20.80 ,18.53,21.15,18.2,-,16.85%
2019-01-18,17.80 ,17.8,18.18,17.17,-,-1.44%
2019-01-17,18.06 ,19.51,19.72,17.85,-,-5.15%
2019-01-16,19.04 ,18.08,19.04,17.76,-,2.37%
2019-01-15,18.60 ,18.53,19.2,17.98,-,-2.46%
2019-01-14,19.07 ,19.84,20.27,18.7,-,4.84%
2019-01-11,18.19 ,19.68,20.16,18.12,-,-6.72%
2019-01-10,19.50 ,20.98,21.32,19.29,-,-2.40%
2019-01-09,19.98 ,20.44,22.8,19.48,-,-2.39%
2019-01-08,20.47 ,20.96,22.03,20.09,-,-4.35%
2019-01-07,21.40 ,22.06,22.71,20.91,-,0.09%
2019-01-04,21.38 ,24.36,24.48,21.19,-,-15.99%
2019-01-03,25.45 ,25.68,26.6,24.05,-,9.60%
2019-01-02,23.22 ,27.54,28.53,23.05,-,-8.65%
2018-12-31,25.42 ,27.59,27.64,25.33,-,-10.30%
2018-12-28,28.34 ,29.97,31.05,27.43,-,-5.41%
2018-12-27,29.96 ,31.2,33.8,29.66,-,-1.48%
2018-12-26,30.41 ,35.5,36.2,29.59,-,-15.69%
2018-12-24,36.07 ,29.29,36.1,29.16,-,19.79%
2018-12-21,30.11 ,28.24,31.35,25.71,-,6.10%
2018-12-20,28.38 ,26.09,30.3,24.68,-,10.95%
2018-12-19,25.58 ,25.15,26.64,22.5,-,0.00%
2018-12-18,25.58 ,24.68,26.14,23.64,-,4.32%
2018-12-17,24.52 ,22.36,25.88,21.97,-,13.36%
2018-12-14,21.63 ,21.57,22.47,20.95,-,4.75%
2018-12-13,20.65 ,21,21.57,20.34,-,-3.77%
2018-12-12,21.46 ,21.91,21.91,20.5,-,-1.38%
2018-12-11,21.76 ,22.96,23.6,21.39,-,-3.89%
2018-12-10,22.64 ,23.95,25.94,22.5,-,-2.54%
2018-12-07,23.23 ,22.42,24.71,19.9,-,9.63%
2018-12-06,21.19 ,23.53,25.94,20.94,-,2.17%
2018-12-04,20.74 ,16.84,21.94,16.26,-,26.16%
2018-12-03,16.44 ,16.04,17.28,15.94,-,-9.02%
2018-11-30,18.07 ,19.18,19.91,18.03,-,-3.83%
2018-11-29,18.79 ,18.65,20.48,18.59,-,1.62%
2018-11-28,18.49 ,18.87,19.38,18.18,-,-2.79%
2018-11-27,19.02 ,19.41,19.93,18.7,-,0.63%
2018-11-26,18.90 ,20.78,20.8,18.67,-,-12.17%
2018-11-23,21.52 ,21.23,22.65,20.65,-,3.46%
2018-11-21,20.80 ,21.66,22.31,20.11,-,-7.47%
2018-11-20,22.48 ,20.76,23.81,20.37,-,11.84%
2018-11-19,20.10 ,18.78,20.99,18.52,-,10.80%
2018-11-16,18.14 ,20.04,21.36,18.1,-,-9.21%
2018-11-15,19.98 ,20.41,22.97,19.94,-,-5.98%
2018-11-14,21.25 ,20.52,22.36,19.3,-,6.14%
2018-11-13,20.02 ,19.45,21.25,19.11,-,-2.10%
2018-11-12,20.45 ,17.26,20.71,17.25,-,17.80%
2018-11-09,17.36 ,16.87,18.41,16.84,-,3.83%
2018-11-08,16.72 ,16.18,17.2,16.09,-,2.20%
2018-11-07,16.36 ,18.03,18.05,16.33,-,-17.83%
2018-11-06,19.91 ,19.84,20.6,19.69,-,-0.25%
2018-11-05,19.96 ,20.58,20.87,19.64,-,2.31%
2018-11-02,19.51 ,18.52,21.61,18.05,-,0.88%
2018-11-01,19.34 ,20.96,21.21,19.03,-,-8.90%
2018-10-31,21.23 ,22.72,22.8,20.39,-,-9.08%
2018-10-30,23.35 ,23.94,25.55,23.11,-,-5.47%
2018-10-29,24.70 ,24.48,27.86,22.01,-,2.24%
2018-10-26,24.16 ,24.51,27.52,23.33,-,-0.25%
2018-10-25,24.22 ,24.78,24.78,22.06,-,-4.00%
2018-10-24,25.23 ,21.6,26.38,20.4,-,21.83%
2018-10-23,20.71 ,22.18,24.66,20.18,-,5.45%
2018-10-22,19.64 ,19.38,20.89,18.82,-,-1.26%
2018-10-19,19.89 ,19.24,21.08,18.39,-,-0.85%
2018-10-18,20.06 ,18.02,21.57,17.51,-,15.29%
2018-10-17,17.40 ,17.06,19.55,17.06,-,-1.25%
2018-10-16,17.62 ,20.28,20.56,17.55,-,-17.28%
2018-10-15,21.30 ,21.97,22.89,19.47,-,-0.05%
2018-10-12,21.31 ,21.63,26.8,20.88,-,-14.69%
2018-10-11,24.98 ,23.07,28.84,20.65,-,8.80%
2018-10-10,22.96 ,16.03,22.96,15.83,-,43.95%
2018-10-09,15.95 ,16.12,17.49,15.27,-,1.66%
2018-10-08,15.69 ,16.05,18.38,15.69,-,5.87%
2018-10-05,14.82 ,14.29,17.36,11.72,-,4.22%
2018-10-04,14.22 ,12.84,15.84,12.42,-,22.48%
2018-10-03,11.61 ,11.66,12.14,11.34,-,-3.65%
2018-10-02,12.05 ,12.47,12.69,11.61,-,0.42%
2018-10-01,12.00 ,11.99,12.4,11.57,-,-0.99%
2018-09-28,12.12 ,12.59,13.22,12.09,-,-2.34%
2018-09-27,12.41 ,12.77,13,11.94,-,-3.72%
2018-09-26,12.89 ,12.21,13.13,11.55,-,3.78%
2018-09-25,12.42 ,12.28,12.6,11.8,-,1.80%
2018-09-24,12.20 ,12.46,12.92,12.18,-,4.45%
2018-09-21,11.68 ,11.76,12.03,11.1,-,-1.02%
2018-09-20,11.80 ,11.82,11.96,11.31,-,0.43%
2018-09-19,11.75 ,12.61,12.77,11.66,-,-8.13%
2018-09-18,12.79 ,13.48,13.48,12.56,-,-6.51%
2018-09-17,13.68 ,12.72,13.75,12.32,-,13.34%
2018-09-14,12.07 ,12.13,13.15,11.93,-,-2.43%
2018-09-13,12.37 ,12.91,12.91,12.3,-,-5.86%
2018-09-12,13.14 ,13.07,13.86,12.91,-,-0.61%
2018-09-11,13.22 ,13.96,14.92,13.21,-,-6.64%
2018-09-10,14.16 ,15.09,15.2,13.93,-,-4.84%
2018-09-07,14.88 ,14.72,15.63,14.31,-,1.57%
2018-09-06,14.65 ,14.21,15.41,13.72,-,5.32%
2018-09-05,13.91 ,13.69,14.3,13.23,-,5.70%
2018-09-04,13.16 ,13.13,14.35,13.12,-,2.33%
2018-08-31,12.86 ,13.54,14.03,12.82,-,-4.95%
2018-08-30,13.53 ,12.25,13.95,12.24,-,10.45%
2018-08-29,12.25 ,12.34,12.55,12.09,-,-2.00%
2018-08-28,12.50 ,12.01,12.5,11.87,-,2.80%
2018-08-27,12.16 ,12.37,12.48,12.02,-,1.42%
2018-08-24,11.99 ,12.13,12.17,11.83,-,-3.38%
2018-08-23,12.41 ,12.03,12.68,11.65,-,1.31%
2018-08-22,12.25 ,13.09,13.29,11.97,-,-4.74%
2018-08-21,12.86 ,12.47,12.89,12.09,-,2.96%
2018-08-20,12.49 ,12.57,12.79,12.26,-,-1.19%
2018-08-17,12.64 ,13.18,13.96,12.4,-,-6.02%
2018-08-16,13.45 ,14.18,14.36,12.82,-,-8.13%
2018-08-15,14.64 ,13.52,16.86,13.44,-,9.99%
2018-08-14,13.31 ,13.93,14.22,13.11,-,-9.95%
2018-08-13,14.78 ,14.5,15.02,12.95,-,12.31%
2018-08-10,13.16 ,11.82,13.82,11.59,-,16.77%
2018-08-09,11.27 ,10.94,11.31,10.17,-,3.87%
2018-08-08,10.85 ,10.93,11.18,10.52,-,-0.73%
2018-08-07,10.93 ,11.12,11.24,10.52,-,-3.02%
2018-08-06,11.27 ,11.91,12.15,11.17,-,-3.18%
2018-08-03,11.64 ,12.43,12.46,11.07,-,-4.51%
2018-08-02,12.19 ,13.57,14.53,12.17,-,-7.30%
2018-08-01,13.15 ,13.09,13.63,12.45,-,2.49%
2018-07-31,12.83 ,13.98,14.12,12.81,-,-10.03%
2018-07-30,14.26 ,13.63,14.46,12.98,-,9.44%
2018-07-27,13.03 ,12.17,14.26,11.6,-,7.33%
2018-07-26,12.14 ,12.45,12.53,11.78,-,-1.22%
2018-07-25,12.29 ,12.37,12.82,11.8,-,-0.97%
2018-07-24,12.41 ,12.61,13.21,11.66,-,-1.66%
2018-07-23,12.62 ,13.47,13.55,12.58,-,-1.87%
2018-07-20,12.86 ,13,13.58,12.49,-,-0.08%
2018-07-19,12.87 ,12.2,13.09,11.79,-,6.36%
2018-07-18,12.10 ,11.87,12.47,11.44,-,0.33%
2018-07-17,12.06 ,12.91,13.18,11.85,-,-6.00%
2018-07-16,12.83 ,12.46,12.97,12.13,-,5.34%
2018-07-13,12.18 ,12.39,12.97,11.62,-,-3.18%
2018-07-12,12.58 ,13.07,13.33,12.42,-,-7.70%
2018-07-11,13.63 ,14.05,14.15,13.09,-,7.83%
2018-07-10,12.64 ,12.52,13.21,11.93,-,-0.39%
2018-07-09,12.69 ,13.42,13.45,12.6,-,-5.09%
2018-07-06,13.37 ,14.99,15.45,13.34,-,-10.69%
2018-07-05,14.97 ,15.62,16.22,14.47,-,-7.25%
2018-07-03,16.14 ,15.37,16.45,14.68,-,3.46%
2018-07-02,15.60 ,17.7,18.08,15.54,-,-3.05%
2018-06-29,16.09 ,15.73,16.51,14.66,-,-4.51%
2018-06-28,16.85 ,17.54,18.99,16.4,-,-5.92%
2018-06-27,17.91 ,16.52,18.19,14.76,-,12.50%
2018-06-26,15.92 ,16.71,17.54,15.1,-,-8.14%
2018-06-25,17.33 ,15.07,19.61,14.56,-,25.85%
2018-06-22,13.77 ,14.6,14.6,13.11,-,-5.94%
2018-06-21,14.64 ,12.54,15.18,12.18,-,14.46%
2018-06-20,12.79 ,12.9,13.02,12.25,-,-4.19%
2018-06-19,13.35 ,14.61,14.68,13.21,-,8.45%
2018-06-18,12.31 ,12.79,13.74,12.28,-,2.75%
2018-06-15,11.98 ,12.19,13.16,11.93,-,-1.16%
2018-06-14,12.12 ,12.98,13.07,11.88,-,-6.34%
2018-06-13,12.94 ,12.13,12.95,11.98,-,4.86%
2018-06-12,12.34 ,12.29,12.6,11.88,-,-0.08%
2018-06-11,12.35 ,12.52,12.69,12.14,-,1.40%
2018-06-08,12.18 ,12.54,13.31,12.09,-,0.41%
2018-06-07,12.13 ,11.66,13.28,11.22,-,4.21%
2018-06-06,11.64 ,12.1,12.56,11.62,-,-6.13%
2018-06-05,12.40 ,12.91,13.34,12.3,-,-2.67%
2018-06-04,12.74 ,13.91,13.91,12.69,-,-5.35%
2018-06-01,13.46 ,14.92,14.93,13.37,-,-12.77%
2018-05-31,15.43 ,14.93,16.29,14.2,-,3.28%
2018-05-30,14.94 ,16.6,16.64,14.65,-,-12.22%
2018-05-29,17.02 ,14.39,18.78,14.39,-,28.74%
2018-05-25,13.22 ,12.44,13.52,12.29,-,5.51%
2018-05-24,12.53 ,12.73,14.24,12.53,-,-0.40%
2018-05-23,12.58 ,13.5,14.6,12.49,-,-4.84%
2018-05-22,13.22 ,13.03,13.42,12.77,-,1.07%
2018-05-21,13.08 ,13.44,13.59,12.78,-,-2.53%
2018-05-18,13.42 ,13.18,13.87,13.06,-,-0.07%
2018-05-17,13.43 ,13.54,13.86,12.65,-,0.07%
2018-05-16,13.42 ,14.38,14.91,13.21,-,-8.27%
2018-05-15,14.63 ,13.13,15.01,12.5,-,13.15%
2018-05-14,12.93 ,12.95,13.28,12.81,-,2.21%
2018-05-11,12.65 ,13.22,13.44,12.65,-,-4.38%
2018-05-10,13.23 ,13.36,13.63,12.92,-,-1.42%
2018-05-09,13.42 ,14.54,14.63,13.38,-,-8.77%
2018-05-08,14.71 ,14.53,15.56,14.52,-,-0.27%
2018-05-07,14.75 ,15.32,15.52,14.51,-,-0.14%
2018-05-04,14.77 ,15.94,16.92,10.91,-,-7.11%
2018-05-03,15.90 ,15.78,18.66,15.43,-,-0.44%
2018-05-02,15.97 ,15.48,15.97,14.75,-,3.10%
2018-05-01,15.49 ,15.78,16.82,15.42,-,-2.76%
2018-04-30,15.93 ,15.39,16.35,15.13,-,3.37%
2018-04-27,15.41 ,16.22,16.77,15.25,-,-5.11%
2018-04-26,16.24 ,18.07,18.12,16.24,-,-8.97%
2018-04-25,17.84 ,18.14,19.84,17.75,-,-1.00%
2018-04-24,18.02 ,16.16,19.66,15.37,-,10.28%
2018-04-23,16.34 ,17.29,17.56,15.79,-,-3.20%
2018-04-20,16.88 ,16.16,17.5,15.19,-,5.76%
2018-04-19,15.96 ,15.55,16.92,15.16,-,2.31%
2018-04-18,15.60 ,15.3,16.9,14.95,-,2.30%
2018-04-17,15.25 ,16.16,16.27,14.57,-,-7.91%
2018-04-16,16.56 ,17.59,17.66,16.38,-,-4.88%
2018-04-13,17.41 ,18.27,18.45,17.26,-,-5.84%
2018-04-12,18.49 ,19.83,19.92,18.16,-,-8.65%
2018-04-11,20.24 ,20.95,21.66,19.64,-,-1.12%
2018-04-10,20.47 ,20.51,21.68,20.24,-,-5.97%
2018-04-09,21.77 ,21.27,22.02,20.34,-,1.30%
2018-04-06,21.49 ,20.33,23.12,18.6,-,13.46%
2018-04-05,18.94 ,19.76,20.21,18.57,-,-5.58%
2018-04-04,20.06 ,21.68,24.51,19.86,-,-4.93%
2018-04-03,21.10 ,23.03,23.38,20.92,-,-10.67%
2018-04-02,23.62 ,21.07,25.72,20.44,-,18.28%
2018-03-29,19.97 ,22.87,23.05,19.6,-,-12.68%
2018-03-28,22.87 ,22.52,24.94,21.71,-,1.64%
2018-03-27,22.50 ,20.33,24.06,19.84,-,6.99%
2018-03-26,21.03 ,23.41,24.54,20.71,-,-15.44%
2018-03-23,24.87 ,24.02,26.01,21.63,-,6.56%
2018-03-22,23.34 ,18.13,23.81,18.12,-,30.68%
2018-03-21,17.86 ,17.76,18.37,16.26,-,-1.87%
2018-03-20,18.20 ,18.38,19.31,18.09,-,-4.31%
2018-03-19,19.02 ,16.63,21.87,16.56,-,20.38%
2018-03-16,15.80 ,16.6,16.72,15.23,-,-4.76%
2018-03-15,16.59 ,16.99,17.41,15.96,-,-3.71%
2018-03-14,17.23 ,16.59,17.59,14.94,-,5.38%
2018-03-13,16.35 ,15.7,16.98,15.03,-,3.61%
2018-03-12,15.78 ,15.28,16.35,15.18,-,7.79%
2018-03-09,14.64 ,16.41,16.75,13.31,-,-11.49%
2018-03-08,16.54 ,17.56,17.68,14.91,-,-6.87%
2018-03-07,17.76 ,20.11,20.49,17.52,-,-3.27%
2018-03-06,18.36 ,18.25,19.64,17.68,-,-1.98%
2018-03-05,18.73 ,21.55,21.57,17.94,-,-4.39%
2018-03-02,19.59 ,22.47,26.22,19.36,-,-12.82%
2018-03-01,22.47 ,19.96,25.3,19.57,-,13.20%
2018-02-28,19.85 ,18.08,20.44,15.65,-,6.78%
2018-02-27,18.59 ,15.83,18.98,15.29,-,17.66%
2018-02-26,15.80 ,16.53,16.94,15.8,-,-4.18%
2018-02-23,16.49 ,17.96,18.8,16.47,-,-11.91%
2018-02-22,18.72 ,20.57,20.61,18.07,-,-6.49%
2018-02-21,20.02 ,20.76,21.04,16.97,-,-2.82%
2018-02-20,20.60 ,20.53,21.61,19.75,-,5.86%
2018-02-16,19.46 ,18.74,20.99,17.44,-,1.73%
2018-02-15,19.13 ,18.39,20.66,17.6,-,-0.67%
2018-02-14,19.26 ,23.48,25.72,18.99,-,-22.87%
2018-02-13,24.97 ,26.94,27.82,24.47,-,-2.50%
2018-02-12,25.61 ,27.25,29.7,24.42,-,-11.87%
2018-02-09,29.06 ,32.18,41.06,27.73,-,-13.15%
2018-02-08,33.46 ,27.29,36.17,24.41,-,20.66%
2018-02-07,27.73 ,31.38,31.64,21.17,-,-7.51%
2018-02-06,29.98 ,37.32,50.3,22.42,-,-19.67%
2018-02-05,37.32 ,18.44,38.8,16.8,-,115.60%
2018-02-02,17.31 ,13.64,17.86,13.64,-,28.51%
2018-02-01,13.47 ,13.05,14.3,12.5,-,-0.52%
2018-01-31,13.54 ,14.23,14.44,13.41,-,-8.45%
2018-01-30,14.79 ,13.93,15.42,13.88,-,6.86%
2018-01-29,13.84 ,11.71,13.84,11.68,-,24.91%
2018-01-26,11.08 ,11.4,11.6,11.08,-,-4.32%
2018-01-25,11.58 ,11.27,12.01,11.2,-,0.96%
2018-01-24,11.47 ,11,12.19,10.89,-,3.33%
2018-01-23,11.10 ,10.77,11.57,10.76,-,0.63%
2018-01-22,11.03 ,11.59,11.62,10.84,-,-2.13%
2018-01-19,11.27 ,12.3,12.33,11.17,-,-7.77%
2018-01-18,12.22 ,12.01,12.4,11.62,-,2.60%
2018-01-17,11.91 ,11.35,12.81,11.18,-,2.14%
2018-01-16,11.66 ,10.42,12.41,10.4,-,14.76%
2018-01-12,10.16 ,9.74,10.31,9.54,-,2.83%
2018-01-11,9.88 ,9.69,10.02,9.62,-,0.61%
2018-01-10,9.82 ,10.11,10.85,9.82,-,-2.58%
2018-01-09,10.08 ,9.41,10.09,9.37,-,5.88%
2018-01-08,9.52 ,9.61,9.89,9.32,-,3.25%
2018-01-05,9.22 ,9.1,9.54,9,-,0.00%
2018-01-04,9.22 ,9.01,9.31,8.92,-,0.77%
2018-01-03,9.15 ,9.56,9.65,8.94,-,-6.35%
2018-01-02,9.77 ,10.95,11.07,9.52,-,-11.50%
2017-12-29,11.04 ,10.03,11.06,9.95,-,8.45%
2017-12-28,10.18 ,10.29,10.44,10.07,-,-2.77%
2017-12-27,10.47 ,10.04,10.79,9.71,-,2.15%
2017-12-26,10.25 ,10.19,10.46,10.13,-,3.54%
2017-12-22,9.90 ,9.37,10.18,9.35,-,2.91%
2017-12-21,9.62 ,9.59,9.86,9.2,-,-1.03%
2017-12-20,9.72 ,9.69,9.85,8.9,-,-3.09%
2017-12-19,10.03 ,9.4,10.15,9.18,-,5.25%
2017-12-18,9.53 ,9.46,9.89,9.24,-,1.17%
2017-12-15,9.42 ,10.12,10.2,9.22,-,-10.20%
2017-12-14,10.49 ,9.98,10.54,9.78,-,3.05%
2017-12-13,10.18 ,9.78,10.21,9.65,-,2.62%
2017-12-12,9.92 ,9.36,9.92,9.21,-,6.21%
2017-12-11,9.34 ,9.74,10.08,9.28,-,-2.51%
2017-12-08,9.58 ,10,10.06,9.43,-,-5.71%
2017-12-07,10.16 ,10.9,11.32,10.12,-,-7.80%
2017-12-06,11.02 ,11.63,11.68,10.86,-,-2.74%
2017-12-05,11.33 ,11.38,11.67,10.65,-,-3.00%
2017-12-04,11.68 ,11.05,11.86,10.26,-,2.19%
2017-12-01,11.43 ,11.19,14.58,10.54,-,1.33%
2017-11-30,11.28 ,10.49,12.05,10.25,-,5.42%
2017-11-29,10.70 ,9.91,10.93,9.81,-,6.68%
2017-11-28,10.03 ,9.72,10.31,9.53,-,1.62%
2017-11-27,9.87 ,10.07,10.26,9.79,-,2.07%
2017-11-24,9.67 ,9.82,9.96,8.56,-,-2.13%
2017-11-22,9.88 ,9.6,9.88,9.32,-,1.54%
2017-11-21,9.73 ,10.74,10.78,9.67,-,-8.64%
2017-11-20,10.65 ,11.96,12.08,10.44,-,-6.82%
2017-11-17,11.43 ,11.75,12.01,11.16,-,-2.81%
2017-11-16,11.76 ,12.47,12.52,11.38,-,-10.43%
2017-11-15,13.13 ,12.52,14.51,12.33,-,13.29%
2017-11-14,11.59 ,11.53,12.61,11.45,-,0.78%
2017-11-13,11.50 ,11.43,12.18,11,-,1.86%
2017-11-10,11.29 ,10.78,11.58,10.5,-,7.52%
2017-11-09,10.50 ,9.94,12.19,9.79,-,7.36%
2017-11-08,9.78 ,9.79,10.27,9.5,-,-1.11%
2017-11-07,9.89 ,9.31,10.31,9.29,-,5.21%
2017-11-06,9.40 ,9.63,9.74,9.38,-,2.84%
2017-11-03,9.14 ,9.83,9.91,8.99,-,-7.96%
2017-11-02,9.93 ,10.44,10.89,9.67,-,-2.65%
2017-11-01,10.20 ,9.79,10.49,9.74,-,0.20%
2017-10-31,10.18 ,10.34,10.37,9.9,-,-3.05%
2017-10-30,10.50 ,10.28,10.89,10.1,-,7.14%
2017-10-27,9.80 ,11.12,11.12,9.74,-,-13.27%
2017-10-26,11.30 ,11.17,11.81,10.6,-,0.62%
2017-10-25,11.23 ,11.34,13.2,10.99,-,0.63%
2017-10-24,11.16 ,10.89,11.16,10.39,-,0.81%
2017-10-23,11.07 ,10.25,11.08,9.94,-,11.03%
2017-10-20,9.97 ,9.92,10.04,9.29,-,-0.80%
2017-10-19,10.05 ,10.22,11.77,9.99,-,-0.20%
2017-10-18,10.07 ,10.34,10.41,9.87,-,-2.33%
2017-10-17,10.31 ,9.85,10.46,9.78,-,4.04%
2017-10-16,9.91 ,9.95,10.02,9.75,-,3.12%
2017-10-13,9.61 ,9.95,9.98,9.44,-,-3.03%
2017-10-12,9.91 ,9.94,10.33,9.65,-,0.61%
2017-10-11,9.85 ,9.95,10.38,9.72,-,-2.28%
2017-10-10,10.08 ,10.15,10.66,9.94,-,-2.42%
2017-10-09,10.33 ,9.92,10.53,9.88,-,7.05%
2017-10-06,9.65 ,9.23,10.27,9.11,-,5.01%
2017-10-05,9.19 ,9.48,9.62,9.13,-,-4.57%
2017-10-04,9.63 ,9.53,9.88,9.53,-,1.26%
2017-10-03,9.51 ,9.3,9.75,9.3,-,0.63%
2017-10-02,9.45 ,9.59,10.04,9.37,-,-0.63%
2017-09-29,9.51 ,9.59,9.83,9.36,-,-0.42%
2017-09-28,9.55 ,9.74,10.13,9.55,-,-3.24%
2017-09-27,9.87 ,9.9,10.42,9.63,-,-2.95%
2017-09-26,10.17 ,10.42,10.68,9.94,-,-0.39%
2017-09-25,10.21 ,10.08,11.21,9.79,-,6.47%
2017-09-22,9.59 ,9.9,10.2,9.5,-,-0.83%
2017-09-21,9.67 ,9.74,10.21,9.54,-,-1.12%
2017-09-20,9.78 ,10.04,10.67,9.67,-,-3.93%
2017-09-19,10.18 ,10.16,10.3,9.85,-,0.30%
2017-09-18,10.15 ,10.18,10.42,9.88,-,-0.20%
2017-09-15,10.17 ,10.51,10.74,10,-,-2.59%
2017-09-14,10.44 ,10.57,11.04,10.28,-,-0.57%
2017-09-13,10.50 ,10.72,10.86,10.33,-,-0.76%
2017-09-12,10.58 ,10.66,10.95,10.29,-,-1.40%
2017-09-11,10.73 ,11.38,11.39,10.51,-,-11.47%
2017-09-08,12.12 ,11.87,12.6,11.84,-,4.94%
2017-09-07,11.55 ,11.93,12.07,11.32,-,-0.69%
2017-09-06,11.63 ,12.27,12.59,11.35,-,-4.91%
2017-09-05,12.23 ,11.75,14.06,11.41,-,20.73%
2017-09-01,10.13 ,10.33,10.46,10.02,-,-4.34%
2017-08-31,10.59 ,11.07,11.22,10.34,-,-5.61%
2017-08-30,11.22 ,11.4,11.98,10.96,-,-4.10%
2017-08-29,11.70 ,13.33,14.34,11.48,-,3.36%
2017-08-28,11.32 ,12.09,12.11,11.23,-,0.35%
2017-08-25,11.28 ,12.2,12.45,11.1,-,-7.77%
2017-08-24,12.23 ,12.06,12.83,11.55,-,-0.16%
2017-08-23,12.25 ,11.51,12.59,11.39,-,7.93%
2017-08-22,11.35 ,12.6,12.94,11.35,-,-13.95%
2017-08-21,13.19 ,14.59,14.74,13.07,-,-7.50%
2017-08-18,14.26 ,15.38,16.04,13.32,-,-8.30%
2017-08-17,15.55 ,11.81,15.77,11.54,-,32.45%
2017-08-16,11.74 ,11.59,12.54,11.25,-,-2.49%
2017-08-15,12.04 ,11.78,12.37,11.45,-,-2.35%
2017-08-14,12.33 ,14.05,14.05,12.06,-,-20.50%
2017-08-11,15.51 ,16.17,17.28,14.5,-,-3.30%
2017-08-10,16.04 ,11.57,16.17,11.56,-,44.37%
2017-08-09,11.11 ,11.49,12.63,11.11,-,1.37%
2017-08-08,10.96 ,10.04,11.52,9.52,-,10.37%
2017-08-07,9.93 ,10.19,10.32,9.76,-,-1.00%
2017-08-04,10.03 ,10.48,10.5,9.68,-,-3.93%
2017-08-03,10.44 ,10.47,10.6,9.9,-,1.56%
2017-08-02,10.28 ,10.08,10.81,9.8,-,1.88%
2017-08-01,10.09 ,10.19,10.56,9.95,-,-1.66%
2017-07-31,10.26 ,10.53,10.84,10.23,-,-0.29%
2017-07-28,10.29 ,10.62,11.3,10.26,-,1.78%
2017-07-27,10.11 ,9.33,11.5,9.16,-,5.31%
2017-07-26,9.60 ,9.25,9.66,8.84,-,1.80%
2017-07-25,9.43 ,9.4,9.52,9.04,-,0.00%
2017-07-24,9.43 ,9.94,9.97,9.26,-,0.75%
2017-07-21,9.36 ,9.52,9.98,9.3,-,-2.30%
2017-07-20,9.58 ,9.66,10.28,9.5,-,-2.15%
2017-07-19,9.79 ,9.69,9.94,9.58,-,-1.01%
2017-07-18,9.89 ,9.86,10.35,9.66,-,0.71%
2017-07-17,9.82 ,9.77,10.03,9.71,-,3.26%
2017-07-14,9.51 ,10.09,10.14,9.5,-,-3.94%
2017-07-13,9.90 ,10.07,10.4,9.9,-,-3.88%
2017-07-12,10.30 ,10.85,10.85,10.08,-,-5.42%
2017-07-11,10.89 ,10.79,12.14,10.68,-,-1.98%
2017-07-10,11.11 ,11.26,11.73,10.61,-,-0.71%
2017-07-07,11.19 ,12.48,12.57,10.98,-,-10.77%
2017-07-06,12.54 ,11.2,13.05,11.18,-,13.28%
2017-07-05,11.07 ,11.2,12.03,10.79,-,-1.34%
2017-07-03,11.22 ,11.07,11.45,10.28,-,0.36%
2017-06-30,11.18 ,11.74,11.85,10.4,-,-2.27%
2017-06-29,11.44 ,9.79,15.16,9.73,-,14.06%
2017-06-28,10.03 ,11.17,11.49,9.76,-,-9.31%
2017-06-27,11.06 ,10.04,11.31,9.8,-,11.72%
2017-06-26,9.90 ,10.13,10.44,9.68,-,-1.20%
2017-06-23,10.02 ,10.25,10.69,9.85,-,-4.39%
2017-06-22,10.48 ,10.81,11.01,10.24,-,-2.51%
2017-06-21,10.75 ,11.03,11.4,10.4,-,-1.01%
2017-06-20,10.86 ,10.28,11.15,10.24,-,4.73%
2017-06-19,10.37 ,10.57,10.6,10.01,-,-0.10%
2017-06-16,10.38 ,10.63,11.35,10.26,-,-4.77%
2017-06-15,10.90 ,11.06,12.01,10.74,-,2.44%
2017-06-14,10.64 ,10.33,11.26,10.01,-,2.11%
2017-06-13,10.42 ,11.12,11.14,10.26,-,-9.08%
2017-06-12,11.46 ,11.19,12.37,11.19,-,7.10%
2017-06-09,10.70 ,9.93,12.11,9.37,-,5.31%
2017-06-08,10.16 ,10.27,10.53,9.73,-,-2.21%
2017-06-07,10.39 ,10.48,10.93,10.12,-,-0.57%
2017-06-06,10.45 ,10.19,10.77,9.86,-,3.77%
2017-06-05,10.07 ,10.08,10.28,9.6,-,3.28%
2017-06-02,9.75 ,10.08,10.3,9.58,-,-1.42%
2017-06-01,9.89 ,10.42,10.54,9.69,-,-5.00%
2017-05-31,10.41 ,10.1,11.3,9.93,-,0.29%
2017-05-30,10.38 ,10.61,10.84,10.14,-,5.81%
2017-05-26,9.81 ,9.93,10.48,9.65,-,-1.80%
2017-05-25,9.99 ,9.82,10.29,9.72,-,-0.30%
2017-05-24,10.02 ,10.61,10.9,9.88,-,-6.53%
2017-05-23,10.72 ,11,11,10.56,-,-1.92%
2017-05-22,10.93 ,12.29,12.52,10.89,-,-9.22%
2017-05-19,12.04 ,14.23,14.23,11.72,-,-17.87%
2017-05-18,14.66 ,14.06,16.3,14.03,-,-5.97%
2017-05-17,15.59 ,11.89,15.59,11.53,-,46.38%
2017-05-16,10.65 ,10.46,10.67,10.18,-,2.21%
2017-05-15,10.42 ,10.54,10.88,10.25,-,0.19%
2017-05-12,10.40 ,10.72,10.87,10.28,-,-1.89%
2017-05-11,10.60 ,10.34,11.23,10.32,-,3.82%
2017-05-10,10.21 ,9.75,10.24,9.62,-,2.51%
2017-05-09,9.96 ,9.87,10.14,9.56,-,1.94%
2017-05-08,9.77 ,10.53,10.55,9.67,-,-7.57%
2017-05-05,10.57 ,10.51,10.98,9.99,-,1.05%
2017-05-04,10.46 ,10.71,11.24,10.27,-,-2.06%
2017-05-03,10.68 ,10.56,11.15,10.4,-,0.85%
2017-05-02,10.59 ,10.15,10.59,10.04,-,4.75%
2017-05-01,10.11 ,10.92,11.04,9.9,-,-6.56%
2017-04-28,10.82 ,10.39,11.16,10.29,-,4.44%
2017-04-27,10.36 ,10.72,11.08,10.33,-,-4.52%
2017-04-26,10.85 ,10.61,10.89,10.39,-,0.84%
2017-04-25,10.76 ,10.81,11.15,10.22,-,-0.74%
2017-04-24,10.84 ,11.56,12.01,10.82,-,-25.91%
2017-04-21,14.63 ,13.85,15.33,13.85,-,3.39%
2017-04-20,14.15 ,14.59,14.81,13.83,-,-5.22%
2017-04-19,14.93 ,14,15.15,13.46,-,3.54%
2017-04-18,14.42 ,14.5,15.5,14.29,-,-1.64%
2017-04-17,14.66 ,16.19,16.28,14.6,-,-8.15%
2017-04-13,15.96 ,15.89,16.22,14.97,-,1.20%
2017-04-12,15.77 ,15.16,16.16,14.84,-,4.64%
2017-04-11,15.07 ,14.32,15.88,14.17,-,7.26%
2017-04-10,14.05 ,13.24,14.11,12.94,-,9.17%
2017-04-07,12.87 ,13.17,13.43,12.23,-,3.87%
2017-04-06,12.39 ,13.11,13.22,11.7,-,-3.88%
2017-04-05,12.89 ,11.89,12.89,10.9,-,9.33%
2017-04-04,11.79 ,12.71,13.07,11.7,-,-4.77%
2017-04-03,12.38 ,12.59,13.59,12.27,-,0.08%
2017-03-31,12.37 ,11.61,12.54,11.5,-,7.19%
2017-03-30,11.54 ,11.37,11.64,11.12,-,1.05%
2017-03-29,11.42 ,11.54,11.7,11.03,-,-0.95%
2017-03-28,11.53 ,12.44,12.67,11.34,-,-7.76%
2017-03-27,12.50 ,14.78,15.11,12.48,-,-3.55%
2017-03-24,12.96 ,12.86,14.16,12.27,-,-1.22%
2017-03-23,13.12 ,12.65,13.17,12.18,-,2.42%
2017-03-22,12.81 ,12.95,13.16,11.99,-,2.73%
2017-03-21,12.47 ,11.15,12.85,10.92,-,9.96%
2017-03-20,11.34 ,11.71,11.72,11.03,-,0.53%
2017-03-17,11.28 ,11.38,11.38,10.78,-,0.62%
2017-03-16,11.21 ,11.29,11.55,11.16,-,-3.61%
2017-03-15,11.63 ,12.12,12.25,10.6,-,-5.45%
2017-03-14,12.30 ,11.39,12.54,11.28,-,8.37%
2017-03-13,11.35 ,12.16,12.23,11.29,-,-2.66%
2017-03-10,11.66 ,11.97,12.09,11.46,-,-5.20%
2017-03-09,12.30 ,11.75,12.43,11.62,-,3.71%
2017-03-08,11.86 ,11.49,11.86,11.09,-,3.58%
2017-03-07,11.45 ,11.27,11.58,11.04,-,1.87%
2017-03-06,11.24 ,11.59,11.72,11.06,-,2.55%
2017-03-03,10.96 ,11.96,11.97,10.94,-,-7.20%
2017-03-02,11.81 ,12.43,12.71,11.32,-,-5.82%
2017-03-01,12.54 ,12.31,12.58,11.78,-,-2.94%
2017-02-28,12.92 ,12.19,12.96,12.13,-,6.87%
2017-02-27,12.09 ,11.78,12.14,11.53,-,5.41%
2017-02-24,11.47 ,11.81,12.59,11.34,-,-2.05%
2017-02-23,11.71 ,11.66,12.46,11.54,-,-0.26%
2017-02-22,11.74 ,11.48,12.07,11.44,-,1.47%
2017-02-21,11.57 ,12.05,12.09,11.5,-,0.70%
2017-02-17,11.49 ,11.84,12.26,11.37,-,-2.30%
2017-02-16,11.76 ,12.02,12.86,11.69,-,-1.75%
2017-02-15,11.97 ,10.84,12.01,10.8,-,11.45%
2017-02-14,10.74 ,11.17,11.34,10.73,-,-2.98%
2017-02-13,11.07 ,11.36,11.4,11.07,-,2.03%
2017-02-10,10.85 ,10.85,10.95,10.55,-,-0.28%
2017-02-09,10.88 ,11.44,11.53,10.74,-,-4.98%
2017-02-08,11.45 ,11.19,11.82,11.15,-,1.42%
2017-02-07,11.29 ,11.39,11.67,11.06,-,-0.70%
2017-02-06,11.37 ,11.37,11.84,11.09,-,3.65%
2017-02-03,10.97 ,11.84,11.84,10.72,-,-8.05%
2017-02-02,11.93 ,12.37,12.47,11.62,-,1.02%
2017-02-01,11.81 ,11.79,12.05,9.97,-,-1.50%
2017-01-31,11.99 ,12.29,12.99,11.79,-,0.93%
2017-01-30,11.88 ,11.1,12.9,11.1,-,12.29%
2017-01-27,10.58 ,10.57,10.82,10.3,-,-0.47%
2017-01-26,10.63 ,10.61,11.01,10.6,-,-1.67%
2017-01-25,10.81 ,10.79,11.05,10.51,-,-2.35%
2017-01-24,11.07 ,11.82,11.89,11.04,-,-5.95%
2017-01-23,11.77 ,12.3,12.62,11.59,-,1.99%
2017-01-20,11.54 ,12.58,12.59,11.53,-,-9.70%
2017-01-19,12.78 ,12.58,13.28,12.17,-,2.40%
2017-01-18,12.48 ,11.79,12.81,11.69,-,5.14%
2017-01-17,11.87 ,12.2,12.75,11.79,-,5.70%
2017-01-13,11.23 ,11.45,11.62,10.94,-,-2.69%
2017-01-12,11.54 ,11.48,12.6,11.32,-,2.49%
2017-01-11,11.26 ,11.56,12.23,11.21,-,-2.00%
2017-01-10,11.49 ,11.59,11.79,11.31,-,-0.61%
2017-01-09,11.56 ,11.71,12.08,11.46,-,2.12%
2017-01-06,11.32 ,11.7,11.74,10.98,-,-3.00%
2017-01-05,11.67 ,11.96,12.09,11.4,-,-1.52%
2017-01-04,11.85 ,12.78,12.8,11.63,-,-7.78%
2017-01-03,12.85 ,14.07,14.07,12.85,-,-8.48%
2016-12-30,14.04 ,13.2,14.68,13.05,-,5.01%
2016-12-29,13.37 ,13.15,13.71,12.95,-,3.24%
2016-12-28,12.95 ,11.89,13.04,11.85,-,8.01%
2016-12-27,11.99 ,12.26,12.33,11.84,-,4.81%
2016-12-23,11.44 ,11.38,11.81,11.35,-,0.09%
2016-12-22,11.43 ,11.32,11.67,11.14,-,1.42%
2016-12-21,11.27 ,11.44,11.49,10.93,-,-1.57%
2016-12-20,11.45 ,11.65,11.75,11.38,-,-2.22%
2016-12-19,11.71 ,12.5,12.52,11.67,-,-4.02%
2016-12-16,12.20 ,12.88,12.95,12.15,-,-4.61%
2016-12-15,12.79 ,13.07,13.24,12.46,-,-3.03%
2016-12-14,13.19 ,12.88,13.39,12.48,-,3.69%
2016-12-13,12.72 ,12.46,13.42,12.34,-,0.63%
2016-12-12,12.64 ,12.23,12.78,12.07,-,7.57%
2016-12-09,11.75 ,12.59,12.72,11.67,-,-7.04%
2016-12-08,12.64 ,12.1,13.4,11.3,-,3.44%
2016-12-07,12.22 ,11.59,12.24,11.33,-,3.65%
2016-12-06,11.79 ,12.19,12.3,11.54,-,-2.88%
2016-12-05,12.14 ,13.75,13.77,12.14,-,-14.02%
2016-12-02,14.12 ,14.16,14.48,12.39,-,0.36%
2016-12-01,14.07 ,13.4,14.72,13.05,-,5.55%
2016-11-30,13.33 ,12.6,13.42,12.23,-,3.33%
2016-11-29,12.90 ,13.07,13.55,12.62,-,-1.90%
2016-11-28,13.15 ,13.4,13.5,12.74,-,6.56%
2016-11-25,12.34 ,12.52,12.74,12.31,-,-0.72%
2016-11-23,12.43 ,12.34,13.01,12.19,-,0.16%
2016-11-22,12.41 ,12.26,12.83,12.2,-,-0.08%
2016-11-21,12.42 ,13.27,13.44,12.16,-,-3.35%
2016-11-18,12.85 ,13.56,13.74,12.85,-,-3.75%
2016-11-17,13.35 ,13.37,13.88,12.97,-,-2.70%
2016-11-16,13.72 ,13.51,14.49,13.51,-,2.62%
2016-11-15,13.37 ,14.16,14.65,13.3,-,-7.67%
2016-11-14,14.48 ,14.69,15.56,14.39,-,2.19%
2016-11-11,14.17 ,14.83,16,14.15,-,-3.87%
2016-11-10,14.74 ,14.01,16.3,13.26,-,2.50%
2016-11-09,14.38 ,20.7,21.48,14.33,-,-23.27%
2016-11-08,18.74 ,18.92,19.91,17.7,-,0.16%
2016-11-07,18.71 ,19.78,19.86,18.39,-,-16.88%
2016-11-04,22.51 ,21.86,23.01,19.2,-,1.95%
2016-11-03,22.08 ,19.85,22.57,18.84,-,14.29%
2016-11-02,19.32 ,19.09,19.82,18.56,-,4.09%
2016-11-01,18.56 ,16.54,20.43,16.51,-,8.79%
2016-10-31,17.06 ,16.31,17.63,16.25,-,5.37%
2016-10-28,16.19 ,15.67,17.35,14.65,-,5.40%
2016-10-27,15.36 ,14.37,15.43,13.6,-,7.87%
2016-10-26,14.24 ,13.66,14.8,13.66,-,5.79%
2016-10-25,13.46 ,12.91,13.86,12.73,-,3.38%
2016-10-24,13.02 ,13.19,13.26,12.83,-,-2.40%
2016-10-21,13.34 ,14.04,14.53,13.27,-,-2.98%
2016-10-20,13.75 ,14.43,14.72,13.74,-,-4.58%
2016-10-19,14.41 ,15.45,15.68,13.87,-,-5.69%
2016-10-18,15.28 ,15.82,15.85,15.03,-,-5.74%
2016-10-17,16.21 ,17.01,17.11,16.13,-,0.56%
2016-10-14,16.12 ,16.49,16.5,15.25,-,-3.42%
2016-10-13,16.69 ,16.88,17.95,16.14,-,4.90%
2016-10-12,15.91 ,15.53,16.34,15.26,-,3.58%
2016-10-11,15.36 ,13.71,16.47,13.69,-,14.80%
2016-10-10,13.38 ,14.19,14.36,13.29,-,-0.74%
2016-10-07,13.48 ,13.52,14.15,12.21,-,4.98%
2016-10-06,12.84 ,13.11,13.84,12.8,-,-1.15%
2016-10-05,12.99 ,13.56,13.68,12.7,-,-4.70%
2016-10-04,13.63 ,13.4,14.57,12.92,-,0.44%
2016-10-03,13.57 ,13.75,14.42,13.42,-,2.11%
2016-09-30,13.29 ,14.91,15.2,12.53,-,-5.21%
2016-09-29,14.02 ,12.53,15.69,12.14,-,13.16%
2016-09-28,12.39 ,12.9,13.57,12.24,-,-5.42%
2016-09-27,13.10 ,13.36,14.76,12.97,-,-9.66%
2016-09-26,14.50 ,13.26,14.63,13.26,-,17.98%
2016-09-23,12.29 ,12,12.58,11.93,-,2.25%
2016-09-22,12.02 ,13.39,13.39,11.76,-,-9.62%
2016-09-21,13.30 ,15.07,15.65,12.98,-,-16.46%
2016-09-20,15.92 ,14.98,16.09,14.69,-,2.51%
2016-09-19,15.53 ,15.14,15.96,14.6,-,1.04%
2016-09-16,15.37 ,16.41,17.1,15.28,-,-5.71%
2016-09-15,16.30 ,17.97,18.07,15.74,-,-10.14%
2016-09-14,18.14 ,17.63,18.14,16.34,-,1.62%
2016-09-13,17.85 ,15.98,18.97,15.83,-,17.74%
2016-09-12,15.16 ,20.13,20.51,14.76,-,-13.37%
2016-09-09,17.50 ,12.52,17.54,12.52,-,39.89%
2016-09-08,12.51 ,11.74,12.6,11.65,-,4.77%
2016-09-07,11.94 ,11.89,12.45,11.77,-,-0.67%
2016-09-06,12.02 ,12.42,12.93,11.85,-,0.33%
2016-09-02,11.98 ,13.47,13.9,11.9,-,-11.13%
2016-09-01,13.48 ,13.07,14.61,12.99,-,0.45%
2016-08-31,13.42 ,13.14,14.34,12.97,-,2.29%
2016-08-30,13.12 ,12.94,13.6,12.7,-,1.39%
2016-08-29,12.94 ,14.09,14.43,12.9,-,-5.20%
2016-08-26,13.65 ,13.54,14.93,12.13,-,0.15%
2016-08-25,13.63 ,13.62,14.09,13.29,-,1.34%
2016-08-24,13.45 ,12.7,14.01,12.3,-,8.64%
2016-08-23,12.38 ,12.15,12.44,11.72,-,0.90%
2016-08-22,12.27 ,12.53,13.02,11.94,-,8.20%
2016-08-19,11.34 ,11.67,12.28,11.33,-,-0.79%
2016-08-18,11.43 ,12.2,12.53,11.42,-,-6.23%
2016-08-17,12.19 ,12.57,13.71,12.14,-,-3.56%
2016-08-16,12.64 ,12.04,12.78,11.87,-,7.03%
2016-08-15,11.81 ,11.81,12.17,11.58,-,2.25%
2016-08-12,11.55 ,11.61,12,11.28,-,-1.11%
2016-08-11,11.68 ,11.93,12.11,11.38,-,-3.07%
2016-08-10,12.05 ,11.55,12.5,11.37,-,3.34%
2016-08-09,11.66 ,11.4,11.92,11.02,-,1.39%
2016-08-08,11.50 ,11.66,11.78,11.41,-,0.97%
2016-08-05,11.39 ,12.08,12.26,11.18,-,-8.29%
2016-08-04,12.42 ,12.73,12.98,11.79,-,-3.42%
2016-08-03,12.86 ,13.53,13.91,12.73,-,-3.81%
2016-08-02,13.37 ,12.39,14.24,12.35,-,7.48%
2016-08-01,12.44 ,11.89,12.98,11.86,-,4.80%
2016-07-29,11.87 ,12.85,12.9,11.77,-,-6.68%
2016-07-28,12.72 ,12.51,13.52,12.36,-,-0.86%
2016-07-27,12.83 ,12.61,13.74,12.5,-,-1.69%
2016-07-26,13.05 ,12.88,13.5,12.8,-,1.40%
2016-07-25,12.87 ,12.64,13.72,12.39,-,7.07%
2016-07-22,12.02 ,12.8,12.88,11.97,-,-5.65%
2016-07-21,12.74 ,11.8,13.06,11.69,-,8.24%
2016-07-20,11.77 ,11.94,11.97,11.4,-,-1.67%
2016-07-19,11.97 ,12.53,12.83,11.94,-,-3.78%
2016-07-18,12.44 ,12.75,13.12,12.33,-,-1.82%
2016-07-15,12.67 ,13.12,13.22,12.27,-,-1.17%
2016-07-14,12.82 ,12.5,13.37,12.14,-,-1.69%
2016-07-13,13.04 ,13.32,13.79,12.92,-,-3.76%
2016-07-12,13.55 ,12.93,13.93,12.75,-,0.07%
2016-07-11,13.54 ,13.25,13.67,13,-,2.58%
2016-07-08,13.20 ,14.64,14.75,13.19,-,-10.57%
2016-07-07,14.76 ,14.8,15.98,14.33,-,-1.34%
2016-07-06,14.96 ,15.87,17.04,14.96,-,-3.98%
2016-07-05,15.58 ,16.05,16.62,15.49,-,5.48%
2016-07-01,14.77 ,15.59,15.86,14.61,-,-5.50%
2016-06-30,15.63 ,16.91,16.99,15.29,-,-6.07%
2016-06-29,16.64 ,18.12,18.27,16.48,-,-11.25%
2016-06-28,18.75 ,21.76,22.07,18.75,-,-21.38%
2016-06-27,23.85 ,24.38,26.72,22.93,-,-7.41%
2016-06-24,25.76 ,26.06,26.24,19.48,-,49.33%
2016-06-23,17.25 ,19.54,19.79,17.25,-,-18.52%
2016-06-22,21.17 ,18.26,21.22,17.83,-,14.56%
2016-06-21,18.48 ,17.67,18.96,16.91,-,0.60%
2016-06-20,18.37 ,17.42,18.55,16.59,-,-5.36%
2016-06-17,19.41 ,19.42,20.03,18.71,-,0.21%
2016-06-16,19.37 ,20.8,22.89,19.24,-,-3.82%
2016-06-15,20.14 ,20.25,20.45,18.63,-,-1.76%
2016-06-14,20.50 ,21.28,22.16,20.27,-,-2.24%
2016-06-13,20.97 ,18.24,21.01,17.89,-,23.14%
2016-06-10,17.03 ,14.89,17.33,14.85,-,16.33%
2016-06-09,14.64 ,14.01,14.85,13.99,-,3.98%
2016-06-08,14.08 ,13.84,14.27,13.7,-,0.21%
2016-06-07,14.05 ,12.77,14.05,12.72,-,2.93%
2016-06-06,13.65 ,13.84,14.27,13.42,-,1.34%
2016-06-03,13.47 ,13.78,14.66,12.9,-,-1.17%
2016-06-02,13.63 ,14.42,14.92,13.62,-,-4.01%
2016-06-01,14.20 ,14.45,15.25,14.18,-,0.07%
2016-05-31,14.19 ,13.94,15,13.45,-,8.16%
2016-05-27,13.12 ,13.49,13.76,13.04,-,-2.31%
2016-05-26,13.43 ,13.8,14.11,13.43,-,-3.38%
2016-05-25,13.90 ,14.19,14.33,13.64,-,-3.61%
2016-05-24,14.42 ,16.03,16.06,14.36,-,-8.85%
2016-05-23,15.82 ,16.33,16.47,15.4,-,4.08%
2016-05-20,15.20 ,16.13,16.3,15.11,-,-6.92%
2016-05-19,16.33 ,16.37,17.65,16.28,-,2.38%
2016-05-18,15.95 ,15.72,16.47,14.86,-,2.44%
2016-05-17,15.57 ,14.57,16.12,14.48,-,6.06%
2016-05-16,14.68 ,15.72,15.98,14.28,-,-2.39%
2016-05-13,15.04 ,15.15,15.47,13.97,-,4.37%
2016-05-12,14.41 ,14.55,15.42,13.95,-,-1.91%
2016-05-11,14.69 ,13.92,14.69,13.29,-,7.78%
2016-05-10,13.63 ,13.98,14.35,13.55,-,-6.45%
2016-05-09,14.57 ,15.2,15.39,14.17,-,-1.02%
2016-05-06,14.72 ,16.2,16.58,14.71,-,-7.48%
2016-05-05,15.91 ,15.54,16.45,15.22,-,-0.87%
2016-05-04,16.05 ,15.47,16.85,15.39,-,2.88%
2016-05-03,15.60 ,14.92,16.42,14.91,-,6.27%
2016-05-02,14.68 ,16.33,16.5,14.48,-,-6.50%
2016-04-29,15.70 ,15.21,17.09,14.91,-,3.15%
2016-04-28,15.22 ,14.53,15.61,13.3,-,10.53%
2016-04-27,13.77 ,14.15,14.95,13.5,-,-1.36%
2016-04-26,13.96 ,14.01,14.43,13.66,-,-0.85%
2016-04-25,14.08 ,14.07,14.76,13.86,-,6.51%
2016-04-22,13.22 ,13.7,14.19,13.15,-,-5.23%
2016-04-21,13.95 ,13.2,14.14,13.16,-,5.05%
2016-04-20,13.28 ,13.39,13.5,12.5,-,0.30%
2016-04-19,13.24 ,13.18,13.88,12.98,-,-0.82%
2016-04-18,13.35 ,14.87,14.94,13.23,-,-1.98%
2016-04-15,13.62 ,13.99,14.19,13.58,-,-0.73%
2016-04-14,13.72 ,13.9,14.12,13.38,-,-0.87%
2016-04-13,13.84 ,14.49,14.53,13.6,-,-6.80%
2016-04-12,14.85 ,15.98,16.57,14.84,-,-8.67%
2016-04-11,16.26 ,15.34,16.26,14.83,-,5.86%
2016-04-08,15.36 ,15.34,15.93,14.84,-,-4.95%
2016-04-07,16.16 ,15.14,16.77,14.68,-,14.69%
2016-04-06,14.09 ,15.61,15.98,14,-,-8.63%
2016-04-05,15.42 ,15.39,15.72,14.93,-,9.21%
2016-04-04,14.12 ,13.88,14.24,13.66,-,7.79%
2016-04-01,13.10 ,15.23,15.28,13,-,-6.09%
2016-03-31,13.95 ,13.73,14.28,13.49,-,2.88%
2016-03-30,13.56 ,13.69,13.89,13.06,-,-1.88%
2016-03-29,13.82 ,15.74,15.89,13.79,-,-9.32%
2016-03-28,15.24 ,15.65,16.04,14.89,-,3.39%
2016-03-24,14.74 ,16.3,16.44,14.71,-,-1.34%
2016-03-23,14.94 ,14.57,15.03,14.33,-,5.43%
2016-03-22,14.17 ,14.57,14.76,13.75,-,2.76%
2016-03-21,13.79 ,14.57,14.73,13.79,-,-1.64%
2016-03-18,14.02 ,14.05,14.36,13.75,-,-2.91%
2016-03-17,14.44 ,15.34,15.38,13.82,-,-3.67%
2016-03-16,14.99 ,15.96,16.33,14.89,-,-10.99%
2016-03-15,16.84 ,17.6,17.85,16.84,-,-0.47%
2016-03-14,16.92 ,17.01,17.67,16.69,-,2.55%
2016-03-11,16.50 ,17.09,17.27,16.28,-,-8.59%
2016-03-10,18.05 ,18.17,19.59,17.06,-,-1.58%
2016-03-09,18.34 ,18.56,19.11,18.31,-,-1.77%
2016-03-08,18.67 ,18.38,18.89,17.82,-,7.61%
2016-03-07,17.35 ,17.98,18.04,16.87,-,2.91%
2016-03-04,16.86 ,16.48,17.35,16.05,-,0.96%
2016-03-03,16.70 ,17.25,17.56,16.32,-,-2.28%
2016-03-02,17.09 ,17.98,18.41,16.78,-,-3.45%
2016-03-01,17.70 ,19.84,20.17,17.66,-,-13.87%
2016-02-29,20.55 ,20.49,20.81,18.38,-,3.74%
2016-02-26,19.81 ,18.89,20.13,18.46,-,3.66%
2016-02-25,19.11 ,20.54,21.26,19.1,-,-7.77%
2016-02-24,20.72 ,22.28,22.87,20.26,-,-1.24%
2016-02-23,20.98 ,19.75,21.16,19.54,-,8.26%
2016-02-22,19.38 ,20.14,20.35,19.02,-,-5.60%
2016-02-19,20.53 ,22.39,23.44,20.52,-,-5.13%
2016-02-18,21.64 ,22.16,22.53,21.29,-,-3.00%
2016-02-17,22.31 ,23.4,24.16,21.83,-,-7.47%
2016-02-16,24.11 ,24.96,25.52,23.32,-,-5.08%
2016-02-12,25.40 ,27.16,27.57,24.92,-,-9.74%
2016-02-11,28.14 ,29.01,30.9,26.67,-,7.04%
2016-02-10,26.29 ,25.75,26.6,24.47,-,-0.94%
2016-02-09,26.54 ,28.3,28.31,25.99,-,2.08%
2016-02-08,26.00 ,25.89,27.72,25.56,-,11.21%
2016-02-05,23.38 ,22.09,24.11,21.91,-,7.05%
2016-02-04,21.84 ,22.29,23.14,21.24,-,0.88%
2016-02-03,21.65 ,21.49,27.7,21.42,-,-1.50%
2016-02-02,21.98 ,21.34,22.42,21.06,-,10.01%
2016-02-01,19.98 ,21.32,23.66,19.61,-,-1.09%
2016-01-29,20.20 ,21.59,21.74,19.5,-,-9.90%
2016-01-28,22.42 ,22.15,23.81,21.9,-,-2.99%
2016-01-27,23.11 ,22.88,27.22,20.42,-,2.71%
2016-01-26,22.50 ,23.75,24.02,22.33,-,-6.83%
2016-01-25,24.15 ,23.3,24.31,22.38,-,8.10%
2016-01-22,22.34 ,24.21,24.55,22.22,-,-16.30%
2016-01-21,26.69 ,27.79,28.43,25.01,-,-3.26%
2016-01-20,27.59 ,27.78,32.09,26.59,-,5.91%
2016-01-19,26.05 ,25.4,27.59,25.21,-,-3.59%
2016-01-15,27.02 ,28.96,30.95,26.67,-,12.82%
2016-01-14,23.95 ,24.75,26.28,23.07,-,-5.04%
2016-01-13,25.22 ,21.72,26.11,21.44,-,12.24%
2016-01-12,22.47 ,22.97,23.93,21.91,-,-7.53%
2016-01-11,24.30 ,25.58,27.39,23.83,-,-10.03%
2016-01-08,27.01 ,22.96,27.08,22.48,-,8.08%
2016-01-07,24.99 ,23.22,25.86,22.4,-,21.37%
2016-01-06,20.59 ,21.67,21.86,19.8,-,6.46%
2016-01-05,19.34 ,20.75,21.06,19.25,-,-6.57%
2016-01-04,20.70 ,22.48,23.36,20.67,-,13.67%
2015-12-31,18.21 ,17.97,20.39,17.51,-,5.32%
2015-12-30,17.29 ,16.5,17.42,16.5,-,7.52%
2015-12-29,16.08 ,15.91,16.48,15.63,-,-4.91%
2015-12-28,16.91 ,17.65,18.13,16.88,-,7.43%
2015-12-24,15.74 ,15.44,15.88,14.45,-,1.09%
2015-12-23,15.57 ,15.86,16.25,15.33,-,-6.20%
2015-12-22,16.60 ,17.61,18.22,16.6,-,-11.23%
2015-12-21,18.70 ,19.64,20.21,18.7,-,-9.66%
2015-12-18,20.70 ,19.34,23.3,18.75,-,9.29%
2015-12-17,18.94 ,16.18,19.05,16.13,-,6.05%
2015-12-16,17.86 ,19.25,20.24,17.12,-,-14.75%
2015-12-15,20.95 ,20.76,21.62,20.02,-,-7.83%
2015-12-14,22.73 ,24.7,26.81,21.47,-,-6.81%
2015-12-11,24.39 ,21.36,25.27,20.88,-,26.11%
2015-12-10,19.34 ,19.25,19.72,18.13,-,-1.38%
2015-12-09,19.61 ,18.05,20.13,15.72,-,11.42%
2015-12-08,17.60 ,17.69,18.33,16.52,-,11.11%
2015-12-07,15.84 ,15.65,17.18,15.58,-,6.95%
2015-12-04,14.81 ,17.43,17.65,14.69,-,-18.22%
2015-12-03,18.11 ,15.87,19.35,15.86,-,13.83%
2015-12-02,15.91 ,15.04,16.49,14.71,-,8.45%
2015-12-01,14.67 ,15.61,16.34,14.63,-,-9.05%
2015-11-30,16.13 ,15.55,16.57,15.52,-,6.68%
2015-11-27,15.12 ,15.31,16.09,15.12,-,-0.46%
2015-11-25,15.19 ,15.55,15.89,15.05,-,-4.65%
2015-11-24,15.93 ,16.53,17.21,15.48,-,1.98%
2015-11-23,15.62 ,16.15,16.74,15.38,-,0.97%
2015-11-20,15.47 ,16.13,16.38,15.47,-,-8.95%
2015-11-19,16.99 ,16.25,18.26,16,-,0.83%
2015-11-18,16.85 ,19.01,19.45,16.8,-,-10.56%
2015-11-17,18.84 ,17.82,19.59,16.86,-,3.74%
2015-11-16,18.16 ,20.51,20.55,17.25,-,-9.56%
2015-11-13,20.08 ,18.68,20.67,18.2,-,9.31%
2015-11-12,18.37 ,17.06,18.5,16.65,-,14.38%
2015-11-11,16.06 ,15.07,16.15,15.02,-,5.04%
2015-11-10,15.29 ,16.69,16.96,15.24,-,-7.45%
2015-11-09,16.52 ,15.34,17.09,15.14,-,15.28%
2015-11-06,14.33 ,14.91,16,14.32,-,-4.78%
2015-11-05,15.05 ,15.39,16.39,15,-,-2.97%
2015-11-04,15.51 ,14.04,15.88,13.96,-,6.67%
2015-11-03,14.54 ,14.33,14.73,13.81,-,2.76%
2015-11-02,14.15 ,15.41,15.51,13.67,-,-6.10%
2015-10-30,15.07 ,14.6,15.39,14,-,3.15%
2015-10-29,14.61 ,14.8,15.46,14.33,-,1.95%
2015-10-28,14.33 ,15.14,15.73,12.8,-,-7.13%
2015-10-27,15.43 ,15.75,15.99,14.78,-,0.92%
2015-10-26,15.29 ,14.76,15.43,14.68,-,5.74%
2015-10-23,14.46 ,13.46,15.12,13.24,-,0.07%
2015-10-22,14.45 ,15.02,15.92,14.45,-,-13.47%
2015-10-21,16.70 ,14.98,16.7,14.41,-,6.03%
2015-10-20,15.75 ,15.17,16.34,14.72,-,5.14%
2015-10-19,14.98 ,15.68,16.23,14.82,-,-0.47%
2015-10-16,15.05 ,15.64,16.86,15.05,-,-6.23%
2015-10-15,16.05 ,17.62,17.85,16.04,-,-10.98%
2015-10-14,18.03 ,17.67,18.78,17.3,-,2.04%
2015-10-13,17.67 ,17.08,17.7,16.14,-,9.28%
2015-10-12,16.17 ,17.68,17.81,16.15,-,-5.33%
2015-10-09,17.08 ,17.15,18.2,16.89,-,-1.95%
2015-10-08,17.42 ,18.62,19.02,16.34,-,-5.33%
2015-10-07,18.40 ,18.96,19.73,18.33,-,-5.15%
2015-10-06,19.40 ,19.54,20.32,18.82,-,-0.72%
2015-10-05,19.54 ,20.31,20.42,19.14,-,-6.69%
2015-10-02,20.94 ,23.99,24.47,20.35,-,-7.14%
2015-10-01,22.55 ,23.14,25.23,22.55,-,-7.96%
2015-09-30,24.50 ,24.64,25.88,23.25,-,-8.68%
2015-09-29,26.83 ,26.57,28.2,25.76,-,-2.90%
2015-09-28,27.63 ,25.02,28.33,24.94,-,16.98%
2015-09-25,23.62 ,21.12,24.29,20.81,-,0.64%
2015-09-24,23.47 ,23.53,25.3,21.81,-,6.06%
2015-09-23,22.13 ,22.09,23.2,21.14,-,-1.38%
2015-09-22,22.44 ,22.97,26.29,22.25,-,11.42%
2015-09-21,20.14 ,21.97,22.48,20.05,-,-9.61%
2015-09-18,22.28 ,23.07,23.99,20.98,-,5.39%
2015-09-17,21.14 ,21.54,23.33,17.87,-,-0.98%
2015-09-16,21.35 ,22.57,22.94,21.09,-,-5.28%
2015-09-15,22.54 ,23.28,23.77,22.13,-,-7.05%
2015-09-14,24.25 ,24.03,25.32,23.64,-,4.53%
2015-09-11,23.20 ,25.38,25.81,23.15,-,-4.80%
2015-09-10,24.37 ,26.87,27.22,23.53,-,-7.09%
2015-09-09,26.23 ,22.39,26.82,21.51,-,5.34%
2015-09-08,24.90 ,25.05,26.25,24.13,-,-10.43%
2015-09-04,27.80 ,27.43,29.47,25.68,-,8.55%
2015-09-03,25.61 ,25.21,26.31,23.45,-,-1.84%
2015-09-02,26.09 ,29.14,30.45,24.77,-,-16.91%
2015-09-01,31.40 ,31.91,33.82,29.91,-,10.45%
2015-08-31,28.43 ,27.03,29.37,26.63,-,9.14%
2015-08-28,26.05 ,26.69,29.2,25.77,-,-0.19%
2015-08-27,26.10 ,27.11,29.9,24.49,-,-13.92%
2015-08-26,30.32 ,31.13,35.62,28.67,-,-15.82%
2015-08-25,36.02 ,31.13,38.06,28.08,-,-11.59%
2015-08-24,40.74 ,28.03,53.29,28.03,-,45.34%
2015-08-21,28.03 ,22.55,28.38,20.8,-,46.45%
2015-08-20,19.14 ,16.55,19.24,16.13,-,25.51%
2015-08-19,15.25 ,14.84,15.96,13.73,-,10.59%
2015-08-18,13.79 ,13.41,13.94,13.17,-,5.91%
2015-08-17,13.02 ,14.32,14.52,13.01,-,1.48%
2015-08-14,12.83 ,13.69,13.87,12.8,-,-4.89%
2015-08-13,13.49 ,13.87,14.33,13.06,-,-0.88%
2015-08-12,13.61 ,15.19,16.28,13.45,-,-0.73%
2015-08-11,13.71 ,13.24,14.33,13.02,-,12.10%
2015-08-10,12.23 ,12.73,12.78,12.18,-,-8.66%
2015-08-07,13.39 ,13.57,14.58,13.29,-,-2.76%
2015-08-06,13.77 ,12.2,14.25,12.16,-,10.07%
2015-08-05,12.51 ,12.02,12.72,10.88,-,-3.77%
2015-08-04,13.00 ,12.66,13.22,12.29,-,3.50%
2015-08-03,12.56 ,12.85,13.55,12.32,-,3.63%
2015-07-31,12.12 ,12.03,12.63,11.82,-,-0.08%
2015-07-30,12.13 ,12.72,13.42,12.09,-,-2.96%
2015-07-29,12.50 ,13.57,13.59,11.85,-,-6.99%
2015-07-28,13.44 ,14.87,15.62,13.32,-,-13.85%
2015-07-27,15.60 ,15.6,16.27,15.03,-,13.54%
2015-07-24,13.74 ,12.87,14.73,12.86,-,8.70%
2015-07-23,12.64 ,12.06,13.08,11.73,-,4.29%
2015-07-22,12.12 ,12.77,12.83,12.05,-,-0.82%
2015-07-21,12.22 ,12.42,12.79,12.21,-,-0.24%
2015-07-20,12.25 ,12.25,12.37,11.71,-,2.51%
2015-07-17,11.95 ,11.77,12.22,11.77,-,-1.32%
2015-07-16,12.11 ,12.59,12.61,11.87,-,-8.47%
2015-07-15,13.23 ,13.35,13.97,12.81,-,-1.05%
2015-07-14,13.37 ,13.91,13.95,12.9,-,-3.81%
2015-07-13,13.90 ,15.29,15.36,13.82,-,-17.41%
2015-07-10,16.83 ,17.45,18.17,16.6,-,-15.72%
2015-07-09,19.97 ,17.46,20.05,17.2,-,1.58%
2015-07-08,19.66 ,17.38,19.76,16.94,-,22.19%
2015-07-07,16.09 ,17.22,19.2,15.93,-,-5.41%
2015-07-06,17.01 ,18.65,18.95,16.57,-,1.31%
2015-07-02,16.79 ,15.43,17.48,15.39,-,4.35%
2015-07-01,16.09 ,16.63,17.26,15.65,-,-11.74%
2015-06-30,18.23 ,17.6,19.8,17.49,-,-3.29%
2015-06-29,18.85 ,16.7,19.5,15.82,-,34.45%
2015-06-26,14.02 ,14.13,14.91,13.64,-,0.07%
2015-06-25,14.01 ,12.96,14.16,12.92,-,5.66%
2015-06-24,13.26 ,12.57,13.33,12.01,-,9.50%
2015-06-23,12.11 ,12.5,12.68,11.93,-,-4.95%
2015-06-22,12.74 ,13.42,13.46,12.43,-,-8.74%
2015-06-19,13.96 ,13.35,14,12.96,-,5.84%
2015-06-18,13.19 ,14.03,14.03,12.54,-,-9.03%
2015-06-17,14.50 ,14.66,15.49,14.07,-,-2.09%
2015-06-16,14.81 ,15.62,15.62,14.81,-,-3.77%
2015-06-15,15.39 ,15.48,15.57,14.91,-,11.68%
2015-06-12,13.78 ,13.31,14.02,13.3,-,7.24%
2015-06-11,12.85 ,13.04,13.22,12.56,-,-2.80%
2015-06-10,13.22 ,14.24,14.37,12.96,-,-8.64%
2015-06-09,14.47 ,15.18,15.74,14.47,-,-5.36%
2015-06-08,15.29 ,14.84,15.5,14.67,-,7.60%
2015-06-05,14.21 ,15.01,15.65,14.21,-,-3.40%
2015-06-04,14.71 ,14.57,15.49,13.99,-,7.69%
2015-06-03,13.66 ,13.73,14.2,13.4,-,-4.07%
2015-06-02,14.24 ,14.72,15.05,13.59,-,1.93%
2015-06-01,13.97 ,13.92,14.86,13.47,-,0.94%
2015-05-29,13.84 ,13.59,14.43,13.4,-,3.98%
2015-05-28,13.31 ,13.49,13.99,13.31,-,0.30%
2015-05-27,13.27 ,14.16,14.41,13.05,-,-5.62%
2015-05-26,14.06 ,13.45,14.63,13.34,-,15.91%
2015-05-22,12.13 ,12.37,12.37,11.82,-,0.17%
2015-05-21,12.11 ,13.03,13.09,12.09,-,-5.98%
2015-05-20,12.88 ,12.9,13.27,12.62,-,0.23%
2015-05-19,12.85 ,12.95,13.13,12.55,-,0.94%
2015-05-18,12.73 ,13.08,13.22,12.55,-,2.83%
2015-05-15,12.38 ,12.46,13.09,12.35,-,-2.83%
2015-05-14,12.74 ,13.14,13.29,12.72,-,-7.41%
2015-05-13,13.76 ,13.63,14.04,13.06,-,-0.72%
2015-05-12,13.86 ,14.73,15.13,13.73,-,0.07%
2015-05-11,13.85 ,13.35,13.85,13,-,7.70%
2015-05-08,12.86 ,13.36,13.42,12.7,-,-15.00%
2015-05-07,15.13 ,15.48,15.97,14.81,-,-0.13%
2015-05-06,15.15 ,13.93,16.36,13.89,-,5.87%
2015-05-05,14.31 ,13.21,14.41,12.97,-,11.36%
2015-05-04,12.85 ,13.12,13.18,12.1,-,1.18%
2015-05-01,12.70 ,13.98,13.98,12.68,-,-12.71%
2015-04-30,14.55 ,13.89,15.29,12.49,-,8.66%
2015-04-29,13.39 ,13.44,14.34,12.61,-,7.90%
2015-04-28,12.41 ,13.26,14.23,12.41,-,-5.41%
2015-04-27,13.12 ,12.34,13.4,12.33,-,6.75%
2015-04-24,12.29 ,12.21,13.02,12.16,-,-1.52%
2015-04-23,12.48 ,12.96,12.96,12.12,-,-1.81%
2015-04-22,12.71 ,12.97,13.8,12.57,-,-4.08%
2015-04-21,13.25 ,12.75,13.51,12.66,-,-0.38%
2015-04-20,13.30 ,13.67,13.67,12.83,-,-4.25%
2015-04-17,13.89 ,13.97,15.02,13.73,-,10.24%
2015-04-16,12.60 ,13.27,13.35,12.5,-,-1.87%
2015-04-15,12.84 ,13.58,13.58,12.83,-,-6.07%
2015-04-14,13.67 ,14.34,14.74,13.64,-,-1.94%
2015-04-13,13.94 ,13.17,14.31,12.71,-,10.81%
2015-04-10,12.58 ,13.2,13.26,12.51,-,-3.90%
2015-04-09,13.09 ,14.14,14.59,13.09,-,-6.37%
2015-04-08,13.98 ,14.59,14.77,13.75,-,-5.41%
2015-04-07,14.78 ,14.57,14.81,14.01,-,0.27%
2015-04-06,14.74 ,15.75,15.76,14.04,-,0.48%
2015-04-02,14.67 ,15.3,15.51,14.27,-,-2.91%
2015-04-01,15.11 ,15.32,16.66,15.08,-,-1.18%
2015-03-31,15.29 ,14.97,15.74,14.33,-,5.38%
2015-03-30,14.51 ,14.76,14.76,14.08,-,-3.72%
2015-03-27,15.07 ,15.73,15.83,14.19,-,-4.62%
2015-03-26,15.80 ,16.64,17.19,15.23,-,2.33%
2015-03-25,15.44 ,13.26,15.55,13.2,-,13.36%
2015-03-24,13.62 ,13.36,13.68,12.59,-,1.57%
2015-03-23,13.41 ,13.52,13.53,12.89,-,3.00%
2015-03-20,13.02 ,13.52,13.53,12.54,-,-7.46%
2015-03-19,14.07 ,14.68,14.97,13.84,-,0.72%
2015-03-18,13.97 ,14.6,16.29,13.38,-,-10.79%
2015-03-17,15.66 ,16.31,16.37,15.66,-,0.32%
2015-03-16,15.61 ,15.78,15.89,15.36,-,-2.44%
2015-03-13,16.00 ,15.47,16.74,15.32,-,3.76%
2015-03-12,15.42 ,16.45,16.45,15.3,-,-8.60%
2015-03-11,16.87 ,16.44,17.19,16.29,-,1.08%
2015-03-10,16.69 ,16.47,16.91,16.03,-,10.82%
2015-03-09,15.06 ,15.72,15.76,14.71,-,-0.92%
2015-03-06,15.20 ,14.61,15.83,14.18,-,8.26%
2015-03-05,14.04 ,14.01,14.58,13.88,-,-1.34%
2015-03-04,14.23 ,14.31,15.33,14.13,-,2.67%
2015-03-03,13.86 ,13.35,14.69,13.25,-,6.29%
2015-03-02,13.04 ,13.9,13.9,12.87,-,-2.25%
2015-02-27,13.34 ,14.07,14.17,13.29,-,-4.10%
2015-02-26,13.91 ,13.55,14.57,13.55,-,0.51%
2015-02-25,13.84 ,13.64,14.06,12.86,-,1.10%
2015-02-24,13.69 ,14.5,14.63,13.53,-,-5.98%
2015-02-23,14.56 ,15.05,15.48,14.49,-,1.82%
2015-02-20,14.30 ,15.73,16.29,14.27,-,-6.47%
2015-02-19,15.29 ,16.11,16.22,15.1,-,-1.04%
2015-02-18,15.45 ,16.74,16.74,15.44,-,-2.22%
2015-02-17,15.80 ,15.86,16.33,15.53,-,7.56%
2015-02-13,14.69 ,15.11,15.64,14.69,-,-4.24%
2015-02-12,15.34 ,16.39,16.47,15.28,-,-9.55%
2015-02-11,16.96 ,17.43,17.81,16.82,-,-1.57%
2015-02-10,17.23 ,17.72,18.36,16.97,-,-7.12%
2015-02-09,18.55 ,19.16,19.28,18.21,-,7.29%
2015-02-06,17.29 ,16.29,18.74,16.06,-,2.61%
2015-02-05,16.85 ,17.29,17.43,16.67,-,-8.07%
2015-02-04,18.33 ,17.82,18.38,16.82,-,5.77%
2015-02-03,17.33 ,18.41,18.89,17.2,-,-10.81%
2015-02-02,19.43 ,20.89,22.81,19.35,-,-7.34%
2015-01-30,20.97 ,20.23,22.18,19.24,-,11.78%
2015-01-29,18.76 ,20.46,21.56,18.66,-,-8.22%
2015-01-28,20.44 ,16.97,20.44,16.92,-,18.70%
2015-01-27,17.22 ,17.6,18.41,16.67,-,10.95%
2015-01-26,15.52 ,16.96,17.43,15.52,-,-6.84%
2015-01-23,16.66 ,16.79,17.09,15.81,-,1.59%
2015-01-22,16.40 ,17.98,19.23,16.07,-,-13.00%
2015-01-21,18.85 ,20.92,21.28,18.64,-,-5.23%
2015-01-20,19.89 ,20.07,21.37,19.58,-,-5.06%
2015-01-16,20.95 ,22.8,23.43,20.95,-,-6.43%
2015-01-15,22.39 ,21.23,23.31,20.86,-,4.24%
2015-01-14,21.48 ,22.87,23.34,21.32,-,4.47%
2015-01-13,20.56 ,18.21,21.58,17.65,-,4.90%
2015-01-12,19.60 ,18.02,20.44,18.02,-,11.68%
2015-01-09,17.55 ,16.44,18.42,16.44,-,3.17%
2015-01-08,17.01 ,17.93,18.09,16.99,-,-11.91%
2015-01-07,19.31 ,20.15,20.72,19.04,-,-8.57%
2015-01-06,21.12 ,20.33,22.9,19.52,-,6.02%
2015-01-05,19.92 ,19.19,21.29,19.19,-,11.97%
2015-01-02,17.79 ,17.76,20.14,17.05,-,-7.34%
2014-12-31,19.20 ,15.91,19.91,15.86,-,20.60%
2014-12-30,15.92 ,15.9,16.2,15.48,-,5.71%
2014-12-29,15.06 ,16.04,16.14,15.06,-,3.86%
2014-12-26,14.50 ,14.6,14.84,14.13,-,0.90%
2014-12-24,14.37 ,14.52,14.54,14.01,-,-2.91%
2014-12-23,14.80 ,14.47,15.21,14.32,-,-2.95%
2014-12-22,15.25 ,16.32,16.88,15.03,-,-7.52%
2014-12-19,16.49 ,16.57,17.2,16.11,-,-1.90%
2014-12-18,16.81 ,17.14,18.51,16.07,-,-13.53%
2014-12-17,19.44 ,23.9,24.61,19.26,-,-17.52%
2014-12-16,23.57 ,23.55,25.2,19.6,-,15.43%
2014-12-15,20.42 ,19.59,24.83,17.77,-,-3.13%
2014-12-12,21.08 ,20.51,23.06,18.34,-,4.98%
2014-12-11,20.08 ,17.68,20.13,15.94,-,8.36%
2014-12-10,18.53 ,15.56,18.92,15.4,-,24.45%
2014-12-09,14.89 ,16.23,16.68,14.84,-,4.79%
2014-12-08,14.21 ,13.05,14.67,12.55,-,20.22%
2014-12-05,11.82 ,12.08,12.28,11.53,-,-4.52%
2014-12-04,12.38 ,12.7,13.23,12.09,-,-0.72%
2014-12-03,12.47 ,12.75,12.88,12.21,-,-2.96%
2014-12-02,12.85 ,14.1,14.17,12.85,-,-10.08%
2014-12-01,14.29 ,14.16,14.75,13.94,-,7.20%
2014-11-28,13.33 ,12.64,13.49,12.36,-,10.44%
2014-11-26,12.07 ,12.27,12.4,11.91,-,-1.47%
2014-11-25,12.25 ,12.55,13.02,12.23,-,-2.93%
2014-11-24,12.62 ,12.92,13.02,12.43,-,-2.17%
2014-11-21,12.90 ,13.16,13.8,12.9,-,-5.01%
2014-11-20,13.58 ,14.66,15.74,13.58,-,-2.72%
2014-11-19,13.96 ,14.01,14.78,13.83,-,0.72%
2014-11-18,13.86 ,13.86,13.99,13.13,-,-0.93%
2014-11-17,13.99 ,14.7,14.73,13.84,-,5.11%
2014-11-14,13.31 ,13.79,14.15,13.31,-,-3.48%
2014-11-13,13.79 ,13.33,14.31,12.87,-,5.91%
2014-11-12,13.02 ,13.76,13.76,12.99,-,0.77%
2014-11-11,12.92 ,12.71,13.18,12.6,-,1.97%
2014-11-10,12.67 ,13.16,13.25,12.38,-,-3.43%
2014-11-07,13.12 ,13.71,14.16,13.01,-,-4.02%
2014-11-06,13.67 ,14.46,15.08,13.67,-,-3.53%
2014-11-05,14.17 ,14.15,14.99,14.15,-,-4.84%
2014-11-04,14.89 ,15.05,15.93,14.83,-,1.09%
2014-11-03,14.73 ,14.41,14.99,14.23,-,4.99%
2014-10-31,14.03 ,13.84,14.83,13.72,-,-3.37%
2014-10-30,14.52 ,15.31,15.75,14.07,-,-4.16%
2014-10-29,15.15 ,14.61,16.28,14.19,-,5.28%
2014-10-28,14.39 ,15.69,15.78,14.39,-,-10.29%
2014-10-27,16.04 ,17.24,17.87,16,-,-0.43%
2014-10-24,16.11 ,16.43,18.06,16.09,-,-2.54%
2014-10-23,16.53 ,16.07,17.06,15.68,-,-7.50%
2014-10-22,17.87 ,16.06,18.43,15.56,-,11.13%
2014-10-21,16.08 ,17.72,17.75,16.03,-,-13.41%
2014-10-20,18.57 ,22.11,22.16,18.51,-,-15.55%
2014-10-17,21.99 ,21.68,23.08,20.23,-,-12.74%
2014-10-16,25.20 ,29.26,29.41,24.61,-,-4.00%
2014-10-15,26.25 ,26.36,31.06,24.64,-,15.18%
2014-10-14,22.79 ,23.77,24.55,21.48,-,-7.51%
2014-10-13,24.64 ,21.16,24.64,20.52,-,16.01%
2014-10-10,21.24 ,19.11,22.06,18.14,-,13.22%
2014-10-09,18.76 ,15.64,19.38,15.34,-,24.16%
2014-10-08,15.11 ,17.35,18.03,14.97,-,-12.15%
2014-10-07,17.20 ,16.18,17.46,15.97,-,11.25%
2014-10-06,15.46 ,14.46,15.77,14.05,-,6.25%
2014-10-03,14.55 ,15.16,15.43,14.44,-,-9.96%
2014-10-02,16.16 ,16.7,17.98,15.9,-,-3.29%
2014-10-01,16.71 ,16.44,17.56,16.08,-,2.45%
2014-09-30,16.31 ,15.49,16.43,15.18,-,2.07%
2014-09-29,15.98 ,16.96,17.08,15.45,-,7.61%
2014-09-26,14.85 ,15.77,15.98,14.31,-,-5.05%
2014-09-25,15.64 ,14.11,16.69,14.03,-,17.86%
2014-09-24,13.27 ,14.62,14.93,13.24,-,-11.12%
2014-09-23,14.93 ,14.82,14.94,13.83,-,9.06%
2014-09-22,13.69 ,13.14,13.98,13.13,-,13.05%
2014-09-19,12.11 ,11.73,12.61,11.52,-,0.67%
2014-09-18,12.03 ,12.55,12.58,11.98,-,-4.90%
2014-09-17,12.65 ,13.06,14.53,11.73,-,-0.63%
2014-09-16,12.73 ,14.48,14.53,12.72,-,-9.84%
2014-09-15,14.12 ,13.54,14.19,13.54,-,6.09%
2014-09-12,13.31 ,12.85,14.27,12.85,-,3.98%
2014-09-11,12.80 ,13.53,13.67,12.66,-,-0.62%
2014-09-10,12.88 ,13.36,14.06,12.86,-,-4.59%
2014-09-09,13.50 ,12.7,13.91,12.7,-,6.64%
2014-09-08,12.66 ,12.64,13.09,12.4,-,4.71%
2014-09-05,12.09 ,12.37,13.18,11.96,-,-4.35%
2014-09-04,12.64 ,12.4,12.99,11.7,-,2.27%
2014-09-03,12.36 ,12.03,12.55,11.91,-,0.90%
2014-09-02,12.25 ,12.32,13.41,12.23,-,2.25%
2014-08-29,11.98 ,11.86,12.44,11.78,-,-0.58%
2014-08-28,12.05 ,12.38,12.73,12.05,-,2.29%
2014-08-27,11.78 ,11.69,11.93,11.54,-,1.29%
2014-08-26,11.63 ,11.33,11.93,11.33,-,-0.60%
2014-08-25,11.70 ,11.58,11.77,11.24,-,2.01%
2014-08-22,11.47 ,11.88,12.48,11.47,-,-2.47%
2014-08-21,11.76 ,11.93,13.51,11.52,-,-0.17%
2014-08-20,11.78 ,12.23,12.24,11.6,-,-3.52%
2014-08-19,12.21 ,12.14,12.46,11.91,-,-0.89%
2014-08-18,12.32 ,12.85,12.85,12.26,-,-6.31%
2014-08-15,13.15 ,11.91,14.94,11.89,-,5.88%
2014-08-14,12.42 ,13.05,13.13,12.42,-,-3.72%
2014-08-13,12.90 ,13.57,13.93,12.84,-,-8.70%
2014-08-12,14.13 ,14.42,14.74,13.76,-,-0.70%
2014-08-11,14.23 ,15.16,15.16,13.72,-,-9.77%
2014-08-08,15.77 ,16.43,17.09,15.53,-,-5.34%
2014-08-07,16.66 ,15.5,17.25,15.44,-,1.77%
2014-08-06,16.37 ,17.22,17.3,15.7,-,-2.96%
2014-08-05,16.87 ,15.54,17.14,15.1,-,11.57%
2014-08-04,15.12 ,16.64,16.8,14.69,-,-11.22%
2014-08-01,17.03 ,16.67,17.57,15.52,-,0.47%
2014-07-31,16.95 ,14.35,17.11,14.26,-,27.16%
2014-07-30,13.33 ,12.63,14.07,12.53,-,0.38%
2014-07-29,13.28 ,12.35,13.35,12.12,-,5.73%
2014-07-28,12.56 ,12.93,13.64,12.54,-,-1.02%
2014-07-25,12.69 ,12.03,12.75,12.03,-,7.18%
2014-07-24,11.84 ,11.43,12.06,11.43,-,2.78%
2014-07-23,11.52 ,11.54,12.16,11.41,-,-5.88%
2014-07-22,12.24 ,11.97,12.24,11.69,-,-4.45%
2014-07-21,12.81 ,12.85,13.62,12.46,-,6.22%
2014-07-18,12.06 ,13.34,13.55,12.04,-,-17.06%
2014-07-17,14.54 ,11.35,15.38,10.85,-,32.18%
2014-07-16,11.00 ,10.81,11.45,10.59,-,-8.03%
2014-07-15,11.96 ,11.53,12.47,11.46,-,1.18%
2014-07-14,11.82 ,11.6,11.83,11.4,-,-2.15%
2014-07-11,12.08 ,12.5,12.68,12.07,-,-4.05%
2014-07-10,12.59 ,13.22,13.23,12.05,-,8.07%
2014-07-09,11.65 ,11.74,12.05,11.5,-,-2.75%
2014-07-08,11.98 ,11.72,12.51,11.72,-,5.74%
2014-07-07,11.33 ,11.15,11.54,11.01,-,9.79%
2014-07-03,10.32 ,10.47,10.76,10.28,-,-4.62%
2014-07-02,10.82 ,11.18,11.18,10.56,-,-2.96%
2014-07-01,11.15 ,11.28,11.42,10.92,-,-3.63%
2014-06-30,11.57 ,11.75,11.81,11.3,-,2.75%
2014-06-27,11.26 ,11.72,12.04,11.19,-,-3.18%
2014-06-26,11.63 ,11.51,12.51,11.5,-,0.35%
2014-06-25,11.59 ,12.31,12.33,11.37,-,-4.45%
2014-06-24,12.13 ,11.02,12.27,10.87,-,10.47%
2014-06-23,10.98 ,11.26,11.35,10.92,-,1.20%
2014-06-20,10.85 ,10.4,11.02,10.34,-,2.17%
2014-06-19,10.62 ,10.53,10.82,10.42,-,0.09%
2014-06-18,10.61 ,11.8,11.91,10.57,-,-12.02%
2014-06-17,12.06 ,12.81,12.89,12.06,-,-4.66%
2014-06-16,12.65 ,12.65,12.87,12.28,-,3.86%
2014-06-13,12.18 ,12.45,12.69,11.89,-,-3.03%
2014-06-12,12.56 ,11.81,12.81,11.71,-,8.28%
2014-06-11,11.60 ,11.42,11.87,11.19,-,5.55%
2014-06-10,10.99 ,11.3,11.66,10.93,-,-1.43%
2014-06-09,11.15 ,11.23,11.51,10.99,-,3.91%
2014-06-06,10.73 ,11.32,11.39,10.73,-,-8.13%
2014-06-05,11.68 ,12.09,12.34,11.44,-,-3.31%
2014-06-04,12.08 ,12.15,12.33,11.91,-,1.77%
2014-06-03,11.87 ,12.03,12.13,11.72,-,2.50%
2014-06-02,11.58 ,11.69,12.17,11.29,-,1.58%
2014-05-30,11.40 ,11.66,11.7,11.32,-,-1.47%
2014-05-29,11.57 ,11.58,11.82,11.41,-,-0.94%
2014-05-28,11.68 ,11.6,11.86,11.5,-,1.48%
2014-05-27,11.51 ,11.69,11.84,11.5,-,1.32%
2014-05-23,11.36 ,11.96,11.97,11.36,-,-5.57%
2014-05-22,12.03 ,11.93,12.09,11.68,-,1.01%
2014-05-21,11.91 ,12.38,12.46,11.8,-,-8.10%
2014-05-20,12.96 ,12.69,13.3,12.32,-,4.35%
2014-05-19,12.42 ,13.17,13.21,12.28,-,-0.16%
2014-05-16,12.44 ,13.31,13.66,12.26,-,-5.54%
2014-05-15,13.17 ,12.73,13.77,12.72,-,8.22%
2014-05-14,12.17 ,12.42,12.51,12.03,-,0.33%
2014-05-13,12.13 ,12.36,12.74,12.05,-,-0.82%
2014-05-12,12.23 ,12.46,12.58,11.88,-,-5.34%
2014-05-09,12.92 ,13.55,14.03,12.87,-,-3.80%
2014-05-08,13.43 ,13.69,13.88,12.92,-,0.22%
2014-05-07,13.40 ,13.64,14.49,13.39,-,-2.90%
2014-05-06,13.80 ,13.65,13.9,13.28,-,3.84%
2014-05-05,13.29 ,13.95,14.2,13.08,-,2.94%
2014-05-02,12.91 ,13.15,13.5,12.83,-,-2.57%
2014-05-01,13.25 ,13.64,13.75,13.1,-,-1.19%
2014-04-30,13.41 ,14.05,14.18,13.34,-,-2.19%
2014-04-29,13.71 ,13.88,14.24,13.61,-,-1.86%
2014-04-28,13.97 ,14.27,15.28,13.82,-,-0.64%
2014-04-25,14.06 ,13.93,14.67,13.91,-,5.56%
2014-04-24,13.32 ,13.36,14.08,13.09,-,0.38%
2014-04-23,13.27 ,13.35,13.75,13.27,-,0.61%
2014-04-22,13.19 ,13.13,13.26,12.9,-,-0.45%
2014-04-21,13.25 ,14.1,14.11,13.17,-,-0.82%
2014-04-17,13.36 ,14.09,14.17,13.07,-,-5.78%
2014-04-16,14.18 ,14.89,15.27,14.05,-,-9.16%
2014-04-15,15.61 ,16.14,17.5,15.47,-,-3.10%
2014-04-14,16.11 ,16.14,17.4,16.1,-,-5.40%
2014-04-11,17.03 ,16.66,17.85,15.89,-,7.17%
2014-04-10,15.89 ,13.98,16.38,13.81,-,14.98%
2014-04-09,13.82 ,14.58,14.94,13.7,-,-7.19%
2014-04-08,14.89 ,15.59,16.2,14.81,-,-4.37%
2014-04-07,15.57 ,14.96,16.01,14.57,-,11.53%
2014-04-04,13.96 ,12.88,14.55,12.6,-,4.41%
2014-04-03,13.37 ,13.02,13.7,13.02,-,2.14%
2014-04-02,13.09 ,13.17,13.35,12.92,-,-0.08%
2014-04-01,13.10 ,13.43,13.56,13.06,-,-5.62%
2014-03-31,13.88 ,13.88,14.16,13.57,-,-3.68%
2014-03-28,14.41 ,14.15,14.86,13.73,-,-1.44%
2014-03-27,14.62 ,15,15.63,14.49,-,-2.08%
2014-03-26,14.93 ,13.64,15.28,13.46,-,6.49%
2014-03-25,14.02 ,14.16,15.05,13.96,-,-7.09%
2014-03-24,15.09 ,14.7,16.07,14.56,-,0.60%
2014-03-21,15.00 ,13.96,15.17,13.77,-,3.31%
2014-03-20,14.52 ,15.58,15.62,14.5,-,-3.97%
2014-03-19,15.12 ,14.56,15.95,13.89,-,4.13%
2014-03-18,14.52 ,15.42,15.47,14.16,-,-7.16%
2014-03-17,15.64 ,16.39,16.4,15.37,-,-12.23%
2014-03-14,17.82 ,16.74,18.22,16.09,-,9.86%
2014-03-13,16.22 ,14.28,16.66,14.24,-,12.09%
2014-03-12,14.47 ,15.37,15.64,14.43,-,-2.23%
2014-03-11,14.80 ,14.22,14.93,13.84,-,4.23%
2014-03-10,14.20 ,14.76,15.28,14.2,-,0.64%
2014-03-07,14.11 ,13.51,14.43,13.51,-,-0.70%
2014-03-06,14.21 ,13.82,14.42,13.73,-,2.30%
2014-03-05,13.89 ,14.13,14.32,13.81,-,-1.49%
2014-03-04,14.10 ,14.53,14.54,14,-,-11.87%
2014-03-03,16.00 ,16.47,16.78,15.38,-,14.29%
2014-02-28,14.00 ,14.22,14.79,13.49,-,-0.28%
2014-02-27,14.04 ,14.56,14.69,13.92,-,-2.16%
2014-02-26,14.35 ,13.83,14.54,13.73,-,4.97%
2014-02-25,13.67 ,14.17,14.83,13.66,-,-3.94%
2014-02-24,14.23 ,14.83,14.83,13.97,-,-3.07%
2014-02-21,14.68 ,14.74,14.79,14.19,-,-0.74%
2014-02-20,14.79 ,15.28,15.8,14.59,-,-4.58%
2014-02-19,15.50 ,14.85,15.73,14.12,-,11.75%
2014-02-18,13.87 ,13.95,14.51,13.77,-,2.21%
2014-02-14,13.57 ,14.21,14.22,13.44,-,-4.03%
2014-02-13,14.14 ,15.24,15.24,13.98,-,-1.12%
2014-02-12,14.30 ,14.31,14.64,14.02,-,-1.45%
2014-02-11,14.51 ,15.29,15.29,14.08,-,-4.91%
2014-02-10,15.26 ,15.63,15.76,15.1,-,-0.20%
2014-02-07,15.29 ,16.15,16.31,15.09,-,-11.26%
2014-02-06,17.23 ,19.09,19.09,17.09,-,-13.63%
2014-02-05,19.95 ,19.59,20.72,19.13,-,4.40%
2014-02-04,19.11 ,19.99,20.07,18.44,-,-10.87%
2014-02-03,21.44 ,18.57,21.48,18.34,-,16.46%
2014-01-31,18.41 ,18.71,18.99,17.27,-,6.48%
2014-01-30,17.29 ,16.37,17.39,15.96,-,-0.35%
2014-01-29,17.35 ,17.95,18.04,16.71,-,9.81%
2014-01-28,15.80 ,17.27,17.28,15.8,-,-9.30%
2014-01-27,17.42 ,17.29,18.99,16.85,-,-3.97%
2014-01-24,18.14 ,14.95,18.14,14.92,-,31.74%
2014-01-23,13.77 ,13.67,14.66,13.67,-,7.24%
2014-01-22,12.84 ,12.57,13.12,12.55,-,-0.23%
2014-01-21,12.87 ,12.63,13.42,12.61,-,3.46%
2014-01-17,12.44 ,12.34,12.93,12.04,-,-0.72%
2014-01-16,12.53 ,12.32,12.66,12.28,-,2.04%
2014-01-15,12.28 ,12.15,12.4,11.81,-,0.00%
2014-01-14,12.28 ,12.89,12.9,11.96,-,-7.53%
2014-01-13,13.28 ,12.18,13.65,11.82,-,9.39%
2014-01-10,12.14 ,12.6,12.9,12.14,-,-5.82%
2014-01-09,12.89 ,12.83,13.26,12.83,-,0.16%
2014-01-08,12.87 ,13.04,13.24,12.86,-,-0.39%
2014-01-07,12.92 ,12.38,13.28,12.16,-,-4.65%
2014-01-06,13.55 ,13.41,14,13.22,-,-1.53%
2014-01-03,13.76 ,14.06,14.22,13.57,-,-3.30%
2014-01-02,14.23 ,14.32,14.59,14,-,3.72%
