날짜,trend_art_auction,trend_art_auction_company,trend_art_rental
2016-01-01,0.03422,0.40991,0.00456
2016-01-02,0.03346,0.58711,0.00608
2016-01-03,0.04791,0.50574,0.00608
2016-01-04,0.0654,1.46627,0.01216
2016-01-05,0.06236,1.44573,0.01216
2016-01-06,0.05932,1.35903,0.0076
2016-01-07,0.03802,1.32405,0.01292
2016-01-08,0.05171,1.50201,0.00684
2016-01-09,0.04563,0.75442,0
2016-01-10,0.04639,0.56049,0.01064
2016-01-11,0.06236,1.65259,0.0038
2016-01-12,0.06236,1.64271,0.00532
2016-01-13,0.05399,1.58795,0
2016-01-14,0.04563,1.37044,0.01292
2016-01-15,0.04106,2.07087,0.01064
2016-01-16,0.05095,0.85177,0.01292
2016-01-17,0.05247,0.79473,0.00608
2016-01-18,0.09658,2.9987,0.0038
2016-01-19,0.05171,3.29454,0.02053
2016-01-20,0.08289,2.52566,0.01292
2016-01-21,0.073,2.21081,0.02661
2016-01-22,0.06616,2.03285,0.00988
2016-01-23,0.05855,0.82667,0.00836
2016-01-24,0.06008,0.81831,0.00456
2016-01-25,0.05855,2.04654,0.01444
2016-01-26,0.06464,2.12487,0.04639
2016-01-27,0.05247,2.41006,0.01292
2016-01-28,0.06312,1.76971,0.02129
2016-01-29,0.05703,1.61989,0.00456
2016-01-30,0.03726,0.7529,0.00456
2016-01-31,0.06768,0.63959,0.00684
2016-02-01,0.08593,1.62673,0.0076
2016-02-02,0.06616,2.46482,0.01901
2016-02-03,0.0365,1.85337,0.01901
2016-02-04,0.04715,1.67921,0.02053
2016-02-05,0.06996,1.15141,0.00608
2016-02-06,0.03878,0.41752,0
2016-02-07,0.04943,0.36352,0
2016-02-08,0.04791,0.32473,0.01368
2016-02-09,0.04943,0.42056,0.00684
2016-02-10,0.05247,0.52703,0.01444
2016-02-11,0.05171,1.62521,0.01673
2016-02-12,0.05855,2.00775,0.01292
2016-02-13,0.03878,0.66621,0.00912
2016-02-14,0.03726,0.6221,0.00456
2016-02-15,0.05323,1.64194,0.00608
2016-02-16,0.05627,1.57198,0.01292
2016-02-17,0.05475,1.48908,0.01064
2016-02-18,0.06388,1.57654,0.01216
2016-02-19,0.06996,1.60468,0.01216
2016-02-20,0.05551,0.65252,0.01292
2016-02-21,0.06008,0.55365,0
2016-02-22,0.06844,1.38641,0.00456
2016-02-23,0.05932,1.44725,0.02205
2016-02-24,0.04715,1.42292,0.02205
2016-02-25,0.06388,1.65031,0.00912
2016-02-26,0.05095,1.50429,0.01521
2016-02-27,0.04563,0.76964,0.00836
2016-02-28,0.05247,0.68294,0.00912
2016-02-29,0.04715,1.73929,0.02966
2016-03-01,0.05323,0.81298,0.00684
2016-03-02,0.07148,1.94539,0.01673
2016-03-03,0.0616,1.62521,0.00684
2016-03-04,0.05247,1.53091,0.00532
2016-03-05,0.03878,0.79473,0.13841
2016-03-06,0.04791,0.70575,0.17872
2016-03-07,0.06084,1.53091,0.05399
2016-03-08,0.05932,1.61609,0.04106
2016-03-09,0.07148,2.20777,0.0616
2016-03-10,0.06692,1.81762,0.02129
2016-03-11,0.03802,1.47615,0.02813
2016-03-12,0.03118,0.64415,0.01597
2016-03-13,0.05627,0.59167,0.0114
2016-03-14,0.05855,1.57578,0.01825
2016-03-15,0.04867,1.41227,0.00988
2016-03-16,0.05627,2.15833,0.01749
2016-03-17,0.05855,1.77275,0.01064
2016-03-18,0.04182,1.46398,0.01673
2016-03-19,0.03194,0.61981,0.0114
2016-03-20,0.04334,0.5392,0.0038
2016-03-21,0.04867,1.36892,0.01292
2016-03-22,0.06996,1.32025,0.03118
2016-03-23,0.073,1.31873,0.01597
2016-03-24,0.06464,1.56665,0.00988
2016-03-25,0.06388,1.5522,0.00456
2016-03-26,0.04487,0.86622,0.00608
2016-03-27,0.04487,0.64415,0.00988
2016-03-28,0.05171,1.56513,0.03346
2016-03-29,0.05551,1.59936,0.02205
2016-03-30,0.04487,2.56521,0.00608
2016-03-31,0.04258,2.00243,0.01368
2016-04-01,0.04639,1.53775,0.0038
2016-04-02,0.03118,0.651,0.01216
2016-04-03,0.03118,0.64415,0.00836
2016-04-04,0.03422,2.49828,0.01673
2016-04-05,0.06388,3.01163,0.01368
2016-04-06,0.05019,1.68682,0.01292
2016-04-07,0.03422,2.0762,0.05551
2016-04-08,0.02737,1.52711,0.02281
2016-04-09,0.01749,0.51867,0.00684
2016-04-10,0.02509,0.55897,0.01064
2016-04-11,0.04258,1.48528,0.01064
2016-04-12,0.0365,1.50429,0.01825
2016-04-13,0.03574,0.61221,0.00684
2016-04-14,0.02205,1.5119,0.01368
2016-04-15,0.02737,1.46627,0.01521
2016-04-16,0.02813,0.69815,0.01216
2016-04-17,0.03954,0.65023,0.00988
2016-04-18,0.0403,1.5986,0.01368
2016-04-19,0.03118,1.78568,0.01597
2016-04-20,0.02966,1.60012,0.01977
2016-04-21,0.0441,1.46398,0.02205
2016-04-22,0.05779,1.62978,0.00988
2016-04-23,0.02737,0.69358,0.01216
2016-04-24,0.02053,0.6624,0.01064
2016-04-25,0.06084,1.65259,0.01521
2016-04-26,0.04487,1.62521,0.0076
2016-04-27,0.04182,1.91573,0.01749
2016-04-28,0.02661,1.60392,0.02433
2016-04-29,0.04639,1.24572,0.02205
2016-04-30,0.02585,0.5468,0.01064
2016-05-01,0.02129,0.52627,0.00456
2016-05-02,0.02281,1.31721,0.01749
2016-05-03,0.05171,1.53775,0.01444
2016-05-04,0.0403,1.47919,0.00456
2016-05-05,0.00912,0.64947,0.00456
2016-05-06,0.04182,0.71564,0.00456
2016-05-07,0.02053,0.68142,0.00532
2016-05-08,0.01825,0.67533,0.0038
2016-05-09,0.05399,1.7834,0.00912
2016-05-10,0.04563,1.78948,0.00836
2016-05-11,0.05171,1.5522,0.01901
2016-05-12,0.02661,1.60544,0.01368
2016-05-13,0.02966,1.43356,0.01064
2016-05-14,0.03118,0.77344,0
2016-05-15,0.02889,0.66392,0.00532
2016-05-16,0.04106,1.5233,0.01673
2016-05-17,0.04334,1.53471,0.00684
2016-05-18,0.03498,1.52102,0.01444
2016-05-19,0.03422,1.38869,0.01368
2016-05-20,0.02737,1.483,0
2016-05-21,0.03878,0.70347,0.0076
2016-05-22,0.02205,0.70347,0.0114
2016-05-23,0.03802,1.59479,0.02357
2016-05-24,0.03498,2.18419,0.01521
2016-05-25,0.03574,1.67845,0.02129
2016-05-26,0.04487,1.58719,0.01521
2016-05-27,0.17796,1.52178,0.01825
2016-05-28,0.06084,0.73921,0.00608
2016-05-29,0.06844,1.75222,0.01673
2016-05-30,0.05855,2.47623,0.01216
2016-05-31,0.06464,1.64499,0.00836
2016-06-01,0.05551,1.39706,0.01444
2016-06-02,0.06464,1.43128,0
2016-06-03,0.073,1.3134,0.01749
2016-06-04,0.05399,0.62514,0.00684
2016-06-05,0.04182,0.48368,0.0114
2016-06-06,0.06692,0.71868,0.00608
2016-06-07,0.05932,2.28838,0.00836
2016-06-08,0.04791,1.59936,0.0038
2016-06-09,0.06768,2.13248,0.01977
2016-06-10,0.04867,1.98494,0.01064
2016-06-11,0.03118,0.73998,0.00836
2016-06-12,0.04258,0.83428,0.01521
2016-06-13,0.0441,1.70735,0.02053
2016-06-14,0.04943,1.58186,0.01673
2016-06-15,0.04639,1.73016,0.00608
2016-06-16,0.04867,1.96364,0.01673
2016-06-17,0.02661,2.00167,0.01064
2016-06-18,0.03878,0.86242,0.00456
2016-06-19,0.02205,0.66316,0.0114
2016-06-20,0.04182,1.85337,0.02585
2016-06-21,0.03954,1.50505,0.01749
2016-06-22,0.03194,1.53015,0.01064
2016-06-23,0.03878,1.49212,0.01216
2016-06-24,0.03422,1.89063,0.0038
2016-06-25,0.02661,0.58787,0.01444
2016-06-26,0.02737,0.62057,0.00684
2016-06-27,0.02889,1.8161,0.02205
2016-06-28,0.04791,2.79945,0.01368
2016-06-29,0.06692,2.86789,0.0076
2016-06-30,0.04639,1.80774,0.01216
2016-07-01,0.03878,1.41151,0.02433
2016-07-02,0.02433,0.58179,0.02813
2016-07-03,0.02433,0.51486,0.04182
2016-07-04,0.04258,1.51114,0.01673
2016-07-05,0.04182,1.53471,0.01444
2016-07-06,0.02433,1.23507,0.02281
2016-07-07,0.02737,1.27918,0.0114
2016-07-08,0.03042,1.02821,0.02205
2016-07-09,0.02281,0.49585,0.01749
2016-07-10,0.01825,0.49357,0.01825
2016-07-11,0.02889,1.55829,0.02281
2016-07-12,0.04334,1.69974,0.02053
2016-07-13,0.02813,1.40619,0.01825
2016-07-14,0.03042,1.26549,0.02129
2016-07-15,0.02281,1.1248,0.02129
2016-07-16,0.02357,0.51106,0.01064
2016-07-17,0.02129,0.48901,0.01977
2016-07-18,0.02129,1.27538,0.00912
2016-07-19,0.02205,1.49593,0.02205
2016-07-20,0.0365,1.19933,0.0114
2016-07-21,0.02357,1.39098,0.01749
2016-07-22,0.02281,1.18107,0.01216
2016-07-23,0.02585,0.56354,0.01597
2016-07-24,0.02661,0.62894,0.01368
2016-07-25,0.02889,1.15978,0.02281
2016-07-26,0.02889,1.24268,0.02357
2016-07-27,0.02281,1.26853,0.02129
2016-07-28,0.02281,1.52939,0.01216
2016-07-29,0.01749,1.17803,0.01064
2016-07-30,0.00684,0.55973,0.00532
2016-07-31,0.02966,0.45782,0.00912
2016-08-01,0.03118,1.24268,0.01444
2016-08-02,0.02661,1.3461,0.01825
2016-08-03,0.03498,1.05863,0.01597
2016-08-04,0.02433,1.08829,0.01368
2016-08-05,0.02129,0.92326,0.01444
2016-08-06,0.02737,0.41904,0.01216
2016-08-07,0.02129,0.3582,0.0114
2016-08-08,0.26237,0.94303,0.07453
2016-08-09,0.0441,1.00463,0.05247
2016-08-10,0.03118,1.01224,0.07224
2016-08-11,0.0327,1.20389,0.03574
2016-08-12,0.02737,1.36132,0.03346
2016-08-13,0.02129,0.47227,0.02357
2016-08-14,0.02433,0.39242,0.00988
2016-08-15,0.02813,0.45098,0.01064
2016-08-16,0.02433,1.26245,0.0981
2016-08-17,0.02737,1.38033,0.06388
2016-08-18,0.02661,1.31949,0.05932
2016-08-19,0.02661,1.10959,0.04867
2016-08-20,0.01521,0.44718,0.03194
2016-08-21,0.01977,0.40307,0.02129
2016-08-22,0.02053,1.26853,0.03346
2016-08-23,0.02357,1.49745,0.04563
2016-08-24,0.02737,1.19248,0.03878
2016-08-25,0.02585,1.35979,0.03878
2016-08-26,0.03802,1.13925,0.02357
2016-08-27,0.03574,0.5468,0.01825
2016-08-28,0.01673,0.47151,0.02661
2016-08-29,0.03422,1.29743,0.02737
2016-08-30,0.02966,1.61685,0.03422
2016-08-31,0.03118,1.82143,0.03878
2016-09-01,0.03422,1.46703,0.01749
2016-09-02,0.02966,1.41303,0.01749
2016-09-03,0.02889,0.57494,0.01444
2016-09-04,0.0327,0.55289,0.03422
2016-09-05,0.0441,1.46551,0.02661
2016-09-06,0.03422,1.59403,0.0327
2016-09-07,0.03498,1.57122,0.02433
2016-09-08,0.04943,1.98189,0.1308
2016-09-09,0.02661,1.50733,0.03802
2016-09-10,0.02129,0.60765,0.01292
2016-09-11,0.02053,0.55061,0.02205
2016-09-12,0.03118,1.5195,0.01749
2016-09-13,0.02585,1.36816,0.02433
2016-09-14,0.01977,0.54528,0.01749
2016-09-15,0.01064,0.44566,0.00988
2016-09-16,0.02053,0.50878,0.01597
2016-09-17,0.01597,0.61221,0.01521
2016-09-18,0.03042,0.6259,0.02357
2016-09-19,0.03802,1.68834,0.01977
2016-09-20,0.05171,1.64271,0.03194
2016-09-21,0.04791,1.51114,0.01901
2016-09-22,0.03802,1.48832,0.0365
2016-09-23,0.03422,1.40314,0.01825
2016-09-24,0.02205,0.67229,0.01673
2016-09-25,0.04258,0.59624,0.01521
2016-09-26,0.05019,1.41683,0.02889
2016-09-27,0.04258,1.95756,0.03118
2016-09-28,0.07909,2.25492,0.03422
2016-09-29,0.07453,2.06631,0.03422
2016-09-30,0.05779,1.81914,0.03574
2016-10-01,0.04715,0.64795,0.01749
2016-10-02,0.03802,0.56201,0.01673
2016-10-03,0.0441,0.62286,0.02129
2016-10-04,0.07681,1.73853,0.04943
2016-10-05,0.0616,1.68149,0.0654
2016-10-06,0.04943,1.18792,0.04867
2016-10-07,0.05932,1.17423,0.05323
2016-10-08,0.04182,0.52779,0.02129
2016-10-09,0.03346,0.51943,0.02966
2016-10-10,0.0327,1.14381,0.04715
2016-10-11,0.03574,1.13392,0.02889
2016-10-12,0.01977,1.12784,0.04334
2016-10-13,0.02661,1.23659,0.02661
2016-10-14,0.04487,1.00844,0.02889
2016-10-15,0.04715,0.52703,0.02585
2016-10-16,0.04334,0.543,0.03726
2016-10-17,0.05627,1.23203,0.06236
2016-10-18,0.04639,1.3925,0.07529
2016-10-19,0.03042,1.33698,0.06996
2016-10-20,0.02585,1.28983,0.03954
2016-10-21,0.03118,1.23735,0.04715
2016-10-22,0.01292,0.58483,0.01901
2016-10-23,0.0327,0.62438,0.03118
2016-10-24,0.03346,1.34078,0.05475
2016-10-25,0.02053,1.4328,0.04715
2016-10-26,0.03802,1.3096,0.03118
2016-10-27,0.0327,1.3461,0.02889
2016-10-28,0.03042,1.0746,0.01901
2016-10-29,0.01673,0.53312,0.01064
2016-10-30,0.03346,0.597,0.02205
2016-10-31,0.04182,1.05635,0.02966
2016-11-01,0.03878,1.36588,0.02053
2016-11-02,0.02813,1.21758,0.02813
2016-11-03,0.02737,1.13925,0.03802
2016-11-04,0.01825,1.13468,0.01901
2016-11-05,0.01444,0.50498,0.01521
2016-11-06,0.02053,0.52247,0.02357
2016-11-07,0.03118,1.17195,0.03726
2016-11-08,0.0441,1.36208,0.06312
2016-11-09,0.01749,1.40695,0.04715
2016-11-10,0.02357,1.20161,0.04487
2016-11-11,0.02281,1.13392,0.04106
2016-11-12,0.02205,0.48368,0.02129
2016-11-13,0.03194,0.47075,0.02281
2016-11-14,0.03726,1.20085,0.03042
2016-11-15,0.03802,1.43128,0.0441
2016-11-16,0.05019,1.49364,0.05551
2016-11-17,0.05627,1.28755,0.07376
2016-11-18,0.03802,1.44269,0.05475
2016-11-19,0.05323,0.61145,0.02737
2016-11-20,0.03042,0.51943,0.01521
2016-11-21,0.03194,1.5697,0.03802
2016-11-22,0.05627,1.8777,0.09278
2016-11-23,0.04487,1.51494,0.03118
2016-11-24,0.05475,1.40543,0.04182
2016-11-25,0.0365,1.37805,0.0616
2016-11-26,0.03802,0.724,0.03118
2016-11-27,0.03802,1.53091,0.03194
2016-11-28,0.07757,2.28382,0.04258
2016-11-29,0.04867,1.60544,0.03194
2016-11-30,0.05627,1.65487,0.03042
2016-12-01,0.04943,1.39782,0.02433
2016-12-02,0.03954,1.31568,0.0327
2016-12-03,0.02661,0.73237,0.02585
2016-12-04,0.04791,0.67913,0.02737
2016-12-05,0.05095,1.46627,0.02433
2016-12-06,0.05171,1.50657,0.01825
2016-12-07,0.03346,1.4541,0.02053
2016-12-08,0.0403,1.46779,0.04715
2016-12-09,0.04258,1.26397,0.04258
2016-12-10,0.03042,0.69358,0.02281
2016-12-11,0.04258,0.68978,0.01825
2016-12-12,0.05855,1.7218,0.03878
2016-12-13,0.04487,2.0838,0.03194
2016-12-14,0.0441,2.34846,0.03118
2016-12-15,0.04639,1.73549,0.02813
2016-12-16,0.03422,1.52787,0.03878
2016-12-17,0.02205,0.64491,0.01901
2016-12-18,0.02966,0.55745,0.01597
2016-12-19,0.05703,1.5157,0.03574
2016-12-20,0.03726,1.55601,0.02813
2016-12-21,0.03954,1.37577,0.05019
2016-12-22,0.03878,1.24039,0.04182
2016-12-23,0.03346,1.17727,0.02889
2016-12-24,0.02585,0.53464,0.01292
2016-12-25,0.02433,0.52779,0.02509
2016-12-26,0.05171,1.34839,0.03954
2016-12-27,0.04715,1.54916,0.02585
2016-12-28,0.05932,1.7005,0.02813
2016-12-29,0.07833,1.41227,0.03194
2016-12-30,0.07529,0.79853,0.04258
2016-12-31,0.03954,0.52399,0.02433
2017-01-01,0.02281,0.48292,0.03878
2017-01-02,0.05627,1.32253,0.05095
2017-01-03,0.04563,1.44877,0.0403
2017-01-04,0.0616,1.39326,0.06008
2017-01-05,0.0365,1.28678,0.05171
2017-01-06,0.03574,1.37272,0.03042
2017-01-07,0.03802,0.597,0.04334
2017-01-08,0.05247,0.58863,0.01977
2017-01-09,0.05627,1.48148,0.0616
2017-01-10,0.03346,1.48832,0.06084
2017-01-11,0.0365,1.38793,0.0441
2017-01-12,0.0403,1.19628,0.05323
2017-01-13,0.0365,1.30047,0.0403
2017-01-14,0.01216,0.71716,0.03954
2017-01-15,0.03346,0.71792,0.06692
2017-01-16,0.04943,1.52939,0.07148
2017-01-17,0.03954,1.63586,0.07224
2017-01-18,0.04334,1.4214,0.06388
2017-01-19,0.02661,1.44117,0.05779
2017-01-20,0.03346,1.24572,0.06616
2017-01-21,0.04639,0.70347,0.17948
2017-01-22,0.04715,0.73998,0.2137
2017-01-23,0.05779,1.46931,0.08137
2017-01-24,0.04639,1.96288,0.07909
2017-01-25,0.06464,1.75754,0.04258
2017-01-26,0.04715,1.15141,0.04334
2017-01-27,0.04943,0.55213,0.03878
2017-01-28,0.05019,0.4525,0.05551
2017-01-29,0.03346,0.48748,0.09354
2017-01-30,0.10723,0.94912,0.08289
2017-01-31,0.08821,1.98037,0.08821
2017-02-01,0.07072,1.51114,0.08441
2017-02-02,0.0692,1.35143,0.06008
2017-02-03,0.05095,1.30732,0.0403
2017-02-04,0.04106,0.67533,0.03574
2017-02-05,0.06616,0.75975,0.03498
2017-02-06,0.07376,1.48528,0.05095
2017-02-07,0.05932,1.54992,0.05779
2017-02-08,0.06236,1.37653,0.07909
2017-02-09,0.0692,1.39478,0.05323
2017-02-10,0.05551,1.32481,0.05247
2017-02-11,0.04487,0.67913,0.03346
2017-02-12,0.02509,0.63578,0.03574
2017-02-13,0.05171,1.85869,0.05171
2017-02-14,0.05171,2.14541,0.06388
2017-02-15,0.06768,2.00243,0.04943
2017-02-16,0.0616,1.53699,0.0616
2017-02-17,0.0327,1.38641,0.06236
2017-02-18,0.03118,0.64111,0.0441
2017-02-19,0.04943,0.66316,0.0365
2017-02-20,0.05551,1.92334,0.06768
2017-02-21,0.0692,1.81154,0.08669
2017-02-22,0.05932,2.14008,0.28899
2017-02-23,0.06768,1.86402,0.14906
2017-02-24,0.05551,1.51114,0.073
2017-02-25,0.02433,0.70499,0.04334
2017-02-26,0.04639,0.84112,0.05323
2017-02-27,0.05171,1.70811,0.06084
2017-02-28,0.05475,1.54536,0.1232
2017-03-01,0.05855,0.81451,0.05399
2017-03-02,0.04258,1.61228,0.0981
2017-03-03,0.04182,1.46855,0.10342
2017-03-04,0.03574,0.76964,0.06084
2017-03-05,0.03118,0.70195,0.04106
2017-03-06,0.05323,1.74461,0.05932
2017-03-07,0.07072,2.38649,0.05855
2017-03-08,0.05855,2.01612,0.07529
2017-03-09,0.07757,1.62978,0.08137
2017-03-10,0.01977,1.53775,0.04563
2017-03-11,0.02966,0.67685,0.04258
2017-03-12,0.0365,0.79701,0.04487
2017-03-13,0.05247,2.01079,0.07072
2017-03-14,0.04563,1.7256,0.07681
2017-03-15,0.04106,1.47919,0.10266
2017-03-16,0.03574,1.39706,0.08821
2017-03-17,0.04487,1.25104,0.06616
2017-03-18,0.03498,0.58635,0.06616
2017-03-19,0.02966,0.51106,0.06008
2017-03-20,0.04334,1.39174,0.08061
2017-03-21,0.03422,1.54764,0.08365
2017-03-22,0.04639,1.5408,0.05779
2017-03-23,0.03878,1.44041,0.07148
2017-03-24,0.05095,1.64271,0.05627
2017-03-25,0.02813,0.9301,0.04487
2017-03-26,0.04867,0.78256,0.05551
2017-03-27,0.06312,1.76591,0.0692
2017-03-28,0.11864,1.78416,0.06844
2017-03-29,0.0905,1.57654,0.07376
2017-03-30,0.10647,1.56894,0.03726
2017-03-31,0.12928,1.3347,0.0365
2017-04-01,0.06616,0.778,0.04639
2017-04-02,0.06388,0.73541,0.0403
2017-04-03,0.06464,1.5195,0.04563
2017-04-04,0.08061,1.55601,0.05779
2017-04-05,0.06084,1.55829,0.06996
2017-04-06,0.06388,1.44117,0.05703
2017-04-07,0.05627,1.32025,0.06464
2017-04-08,0.0403,0.57266,0.04639
2017-04-09,0.05019,0.6221,0.04715
2017-04-10,0.04639,1.36436,0.0616
2017-04-11,0.0654,1.60544,0.05475
2017-04-12,0.10647,2.56521,0.0441
2017-04-13,0.12244,2.07468,0.04867
2017-04-14,0.06616,1.41227,0.0403
2017-04-15,0.04639,0.74986,0.03194
2017-04-16,0.06084,0.72553,0.02813
2017-04-17,0.06236,1.50505,0.05932
2017-04-18,0.07529,1.61913,0.03726
2017-04-19,0.073,1.38717,0.03802
2017-04-20,0.05399,1.28298,0.04715
2017-04-21,0.06084,1.34915,0.04791
2017-04-22,0.04715,0.71944,0.03878
2017-04-23,0.04487,0.69891,0.05855
2017-04-24,0.0654,1.41075,0.05171
2017-04-25,0.06388,1.78796,0.05323
2017-04-26,0.05171,2.09065,0.04258
2017-04-27,0.05475,1.55905,0.05171
2017-04-28,0.0365,1.37729,0.04106
2017-04-29,0.03422,0.57723,0.01901
2017-04-30,0.0327,0.52931,0.04487
2017-05-01,0.03574,0.79549,0.03498
2017-05-02,0.02966,1.52178,0.02509
2017-05-03,0.0327,0.70119,0.02966
2017-05-04,0.0327,1.20997,0.03574
2017-05-05,0.02433,0.51562,0.02509
2017-05-06,0.05551,0.52703,0.02281
2017-05-07,0.0365,0.50954,0.02889
2017-05-08,0.04943,1.35143,0.03194
2017-05-09,0.03118,0.79701,0.04182
2017-05-10,0.03878,1.33318,0.04943
2017-05-11,0.0441,1.36208,0.04867
2017-05-12,0.04334,1.36892,0.04258
2017-05-13,0.02889,0.61905,0.02281
2017-05-14,0.03574,0.59548,0.03802
2017-05-15,0.03878,1.4906,0.04867
2017-05-16,0.04334,1.95528,0.05247
2017-05-17,0.0403,1.53395,0.04106
2017-05-18,0.04334,1.50885,0.05475
2017-05-19,0.0441,1.56361,0.07148
2017-05-20,0.03498,0.71412,0.03878
2017-05-21,0.04791,0.61677,0.04334
2017-05-22,0.06996,1.57958,0.06236
2017-05-23,0.04182,1.67997,0.03194
2017-05-24,0.05551,1.47083,0.04639
2017-05-25,0.05475,1.71876,0.05019
2017-05-26,0.05095,1.46398,0.0441
2017-05-27,0.03726,0.76431,0.0403
2017-05-28,0.02966,1.19933,0.04258
2017-05-29,0.04943,2.35911,0.05779
2017-05-30,0.03878,1.79405,0.04563
2017-05-31,0.04791,1.60392,0.05019
2017-06-01,0.04715,1.45638,0.04487
2017-06-02,0.03878,1.41987,0.04715
2017-06-03,0.0327,0.60993,0.03954
2017-06-04,0.03878,0.61297,0.03954
2017-06-05,0.0403,1.42444,0.06464
2017-06-06,0.03346,0.82363,0.04487
2017-06-07,0.04106,1.50429,0.05627
2017-06-08,0.05247,1.3423,0.04182
2017-06-09,0.05247,1.33013,0.04791
2017-06-10,0.01749,0.60156,0.02737
2017-06-11,0.04487,0.62286,0.04258
2017-06-12,0.05703,1.40238,0.05247
2017-06-13,0.05019,1.62826,0.04943
2017-06-14,0.05019,2.34238,0.04791
2017-06-15,0.03498,1.79861,0.04639
2017-06-16,0.0441,1.36816,0.03498
2017-06-17,0.03118,0.52627,0.0403
2017-06-18,0.03498,0.62438,0.04258
2017-06-19,0.05627,1.33089,0.06008
2017-06-20,0.03802,1.55753,0.05247
2017-06-21,0.03802,1.38793,0.04943
2017-06-22,0.03574,1.31568,0.06692
2017-06-23,0.03802,1.12936,0.04639
2017-06-24,0.03194,0.67001,0.05323
2017-06-25,0.02813,0.6335,0.03194
2017-06-26,0.04867,1.39478,0.05247
2017-06-27,0.04563,1.49821,0.05247
2017-06-28,0.04563,1.85337,0.0365
2017-06-29,0.04943,1.57654,0.03422
2017-06-30,0.03726,1.16891,0.03422
2017-07-01,0.0365,0.5643,0.04639
2017-07-02,0.02357,0.53844,0.03878
2017-07-03,0.05019,1.30123,0.04334
2017-07-04,0.03574,1.40314,0.06312
2017-07-05,0.04182,1.4579,0.04943
2017-07-06,0.03726,1.22899,0.05095
2017-07-07,0.03802,1.04418,0.0616
2017-07-08,0.12928,0.54528,0.05475
2017-07-09,0.05475,0.49433,0.07529
2017-07-10,0.06616,1.24344,0.07148
2017-07-11,0.04715,1.30352,0.06084
2017-07-12,0.05095,1.16662,0.05475
2017-07-13,0.04715,1.10806,0.10495
2017-07-14,0.05171,1.11643,0.04258
2017-07-15,0.03878,0.50498,0.05019
2017-07-16,0.04715,0.48977,0.03498
2017-07-17,0.06008,1.21378,0.04943
2017-07-18,0.05551,1.44269,0.05551
2017-07-19,0.04715,1.3963,0.05855
2017-07-20,0.05627,1.26397,0.0403
2017-07-21,0.05095,1.14913,0.05019
2017-07-22,0.04639,0.543,0.05627
2017-07-23,0.03726,0.44642,0.03954
2017-07-24,0.05171,1.23583,0.03118
2017-07-25,0.03802,1.41607,0.04715
2017-07-26,0.04563,1.24496,0.05551
2017-07-27,0.04258,1.19552,0.04639
2017-07-28,0.07909,1.11415,0.03118
2017-07-29,0.04943,0.41752,0.01825
2017-07-30,0.04639,0.41067,0.02585
2017-07-31,0.04867,1.1286,0.05095
2017-08-01,0.04791,1.34306,0.05627
2017-08-02,0.07757,1.19552,0.04106
2017-08-03,0.05551,1.12327,0.02509
2017-08-04,0.05551,0.97041,0.0327
2017-08-05,0.04334,0.47836,0.02129
2017-08-06,0.05399,0.43881,0.02129
2017-08-07,0.073,1.17879,0.03726
2017-08-08,0.05171,1.35295,0.03118
2017-08-09,0.06616,1.194,0.03574
2017-08-10,0.04867,1.04646,0.03194
2017-08-11,0.03498,1.01224,0.03574
2017-08-12,0.02509,0.4776,0.05019
2017-08-13,0.03422,0.43349,0.05095
2017-08-14,0.03574,1.22214,0.03954
2017-08-15,0.0327,0.8396,0.0441
2017-08-16,0.03954,1.43661,0.04867
2017-08-17,0.05247,1.18335,0.05475
2017-08-18,0.05095,1.04874,0.06844
2017-08-19,0.05703,0.63959,0.08898
2017-08-20,0.04182,0.53616,0.08441
2017-08-21,0.05855,1.2518,0.05551
2017-08-22,0.05855,1.39858,0.03498
2017-08-23,0.05171,1.43128,0.07529
2017-08-24,0.04867,1.28374,0.05095
2017-08-25,0.03574,1.1575,0.04791
2017-08-26,0.03498,0.6008,0.06236
2017-08-27,0.05551,0.5468,0.06084
2017-08-28,0.06236,1.34687,0.05551
2017-08-29,0.07909,1.83512,0.04106
2017-08-30,0.06312,1.93018,0.04943
2017-08-31,0.06084,1.56894,0.04715
2017-09-01,0.03802,1.27005,0.02509
2017-09-02,0.04258,0.64415,0.03194
2017-09-03,0.03726,0.52855,0.03878
2017-09-04,0.04487,1.26473,0.04334
2017-09-05,0.04791,1.47691,0.0365
2017-09-06,0.05399,1.40771,0.05323
2017-09-07,0.05095,1.30884,0.04639
2017-09-08,0.03422,1.14609,0.0692
2017-09-09,0.03042,0.56962,0.04791
2017-09-10,0.02585,0.57799,0.06312
2017-09-11,0.05095,1.36208,0.06996
2017-09-12,0.05323,1.5195,0.04182
2017-09-13,0.04182,1.6313,0.07985
2017-09-14,0.02281,1.22823,0.05019
2017-09-15,0.03422,1.10882,0.06312
2017-09-16,0.03498,0.55137,0.05627
2017-09-17,0.02889,0.58635,0.05247
2017-09-18,0.04563,1.375,0.03498
2017-09-19,0.05247,1.98189,0.0616
2017-09-20,0.03118,1.51646,0.05323
2017-09-21,0.04258,1.30504,0.05551
2017-09-22,0.03194,1.10959,0.04639
2017-09-23,0.03422,0.57418,0.04106
2017-09-24,0.03498,0.62438,0.03422
2017-09-25,0.04639,1.47311,0.0441
2017-09-26,0.04106,1.49212,0.0403
2017-09-27,0.03042,1.3134,0.07376
2017-09-28,0.04258,1.11035,0.04563
2017-09-29,0.03498,0.96052,0.05703
2017-09-30,0.02966,0.53616,0.02509
2017-10-01,0.0441,0.52627,0.02053
2017-10-02,0.03726,0.54376,0.02737
2017-10-03,0.03878,0.55365,0.03194
2017-10-04,0.01444,0.41067,0.01825
2017-10-05,0.01368,0.41828,0.02281
2017-10-06,0.0403,0.89816,0.0403
2017-10-07,0.04182,0.63959,0.03118
2017-10-08,0.0327,0.5392,0.03954
2017-10-09,0.05171,0.64339,0.02433
2017-10-10,0.04487,1.20313,0.11103
2017-10-11,0.03954,1.12632,0.08669
2017-10-12,0.05171,0.99855,0.05551
2017-10-13,0.04943,0.93467,0.0654
2017-10-14,0.02966,0.51486,0.03118
2017-10-15,0.03346,0.45478,0.03878
2017-10-16,0.05399,1.07384,0.03498
2017-10-17,0.04258,1.43585,0.05323
2017-10-18,0.04487,1.55144,0.0403
2017-10-19,0.04791,1.35219,0.05247
2017-10-20,0.04563,1.05407,0.0441
2017-10-21,0.04487,0.55973,0.02661
2017-10-22,0.02737,0.56582,0.03574
2017-10-23,0.04943,1.23279,0.05247
2017-10-24,0.05627,1.44649,0.07757
2017-10-25,0.03878,1.61533,0.05399
2017-10-26,0.03346,1.43737,0.04258
2017-10-27,0.02205,1.49441,0.05475
2017-10-28,0.04182,0.91489,0.02357
2017-10-29,0.03802,0.82135,0.04106
2017-10-30,0.05247,1.54916,0.0441
2017-10-31,0.0403,1.83968,0.03954
2017-11-01,0.03574,1.54384,0.04106
2017-11-02,0.0441,1.54612,0.04258
2017-11-03,0.03346,1.31873,0.04943
2017-11-04,0.02813,0.60689,0.02813
2017-11-05,0.03422,0.65328,0.03346
2017-11-06,0.05171,1.33394,0.05095
2017-11-07,0.04867,1.50125,0.06008
2017-11-08,0.03194,2.1051,0.04943
2017-11-09,0.03726,2.05795,0.04487
2017-11-10,0.04258,1.58871,0.0616
2017-11-11,0.02129,0.67229,0.03574
2017-11-12,0.03574,1.26169,0.04106
2017-11-13,0.04106,1.41759,0.04943
2017-11-14,0.04563,1.5986,0.03574
2017-11-15,0.03194,1.53852,0.0403
2017-11-16,0.08061,1.63586,0.05247
2017-11-17,0.05627,1.49288,0.03726
2017-11-18,0.04639,0.70423,0.07833
2017-11-19,0.05399,0.61677,0.04487
2017-11-20,0.05323,1.5986,0.04715
2017-11-21,0.05323,1.6389,0.04791
2017-11-22,0.06008,1.46322,0.05323
2017-11-23,0.0403,1.41607,0.13841
2017-11-24,0.03498,1.38185,0.05779
2017-11-25,0.03346,0.75519,0.03878
2017-11-26,0.04106,1.12708,0.03802
2017-11-27,0.04639,1.89444,0.04258
2017-11-28,0.03802,1.60772,0.03498
2017-11-29,0.04106,1.54612,0.04867
2017-11-30,0.03498,1.74385,0.05247
2017-12-01,0.04487,2.7926,0.03954
2017-12-02,0.02205,0.98334,0.03726
2017-12-03,0.03042,0.89436,0.05627
2017-12-04,0.05019,2.14464,0.07681
2017-12-05,0.07833,2.1127,0.04715
2017-12-06,0.04943,1.7507,0.04182
2017-12-07,0.05019,1.6389,0.04791
2017-12-08,0.04334,1.47767,0.05171
2017-12-09,0.04258,0.72096,0.03346
2017-12-10,0.04639,0.61981,0.02889
2017-12-11,0.05019,1.55296,0.0327
2017-12-12,0.03726,1.88683,0.03954
2017-12-13,0.0365,2.31652,0.04106
2017-12-14,0.0403,1.74994,0.07833
2017-12-15,0.0365,1.32253,0.06312
2017-12-16,0.03574,0.69815,0.0403
2017-12-17,0.04563,0.66164,0.04867
2017-12-18,0.03878,1.36664,0.03954
2017-12-19,0.05171,1.54384,0.05475
2017-12-20,0.04943,1.44573,0.0441
2017-12-21,0.04715,1.302,0.0365
2017-12-22,0.04487,1.16586,0.03878
2017-12-23,0.0441,0.64035,0.02966
2017-12-24,0.02509,0.52703,0.02433
2017-12-25,0.02433,0.5757,0.04258
2017-12-26,0.03346,1.33318,0.04943
2017-12-27,0.04867,1.59175,0.06008
2017-12-28,0.03802,1.33926,0.04563
2017-12-29,0.02966,0.88599,0.05171
2017-12-30,0.02509,0.47456,0.0365
2017-12-31,0.02661,0.45706,0.03726
2018-01-01,0.0441,0.51867,0.04258
2018-01-02,0.02661,1.68301,0.05095
2018-01-03,0.05019,1.52407,0.07453
2018-01-04,0.04334,1.25636,0.06312
2018-01-05,0.07072,1.3096,0.05855
2018-01-06,0.09886,0.6008,0.04334
2018-01-07,0.09354,0.53692,0.04334
2018-01-08,0.10951,1.47387,0.04639
2018-01-09,0.08441,1.37957,0.04182
2018-01-10,0.04791,1.35751,0.06084
2018-01-11,0.06236,1.44649,0.06692
2018-01-12,0.06996,1.37653,0.07148
2018-01-13,0.04334,0.6297,0.04334
2018-01-14,0.04791,0.58787,0.03878
2018-01-15,0.06312,1.55373,0.0441
2018-01-16,0.04943,1.33394,0.0616
2018-01-17,0.0441,1.24648,0.05703
2018-01-18,0.04791,1.21758,0.09734
2018-01-19,0.05551,1.18716,0.05855
2018-01-20,0.04639,0.58711,0.04563
2018-01-21,0.0403,0.61069,0.06008
2018-01-22,0.04867,1.42976,0.06844
2018-01-23,0.05323,1.52635,0.0692
2018-01-24,0.05627,2.09141,0.07681
2018-01-25,0.04182,2.0184,0.05247
2018-01-26,0.05399,2.25644,0.07376
2018-01-27,0.05703,0.79549,0.04258
2018-01-28,0.073,0.82591,0.05019
2018-01-29,0.09354,2.0549,0.06464
2018-01-30,0.09354,1.80926,0.08441
2018-01-31,0.09886,1.59707,0.0616
2018-02-01,0.09126,1.79937,0.06996
2018-02-02,0.10799,1.59631,0.06236
2018-02-03,0.05171,0.68522,0.04867
2018-02-04,0.08137,0.73921,0.05399
2018-02-05,0.1194,1.8488,0.06996
2018-02-06,0.11864,1.93626,0.05855
2018-02-07,0.10723,1.71648,0.06312
2018-02-08,0.12092,1.83968,0.05095
2018-02-09,0.11027,1.5986,0.05627
2018-02-10,0.08517,0.83732,0.03042
2018-02-11,0.09126,0.7993,0.04867
2018-02-12,0.10647,2.33325,0.04334
2018-02-13,0.09658,1.75298,0.05095
2018-02-14,0.08974,1.4617,0.03194
2018-02-15,0.05399,0.71032,0.05779
2018-02-16,0.03726,0.59472,0.05095
2018-02-17,0.04334,0.57418,0.06388
2018-02-18,0.04867,0.65328,0.06616
2018-02-19,0.05095,1.73853,0.0692
2018-02-20,0.06236,1.6389,0.05779
2018-02-21,0.04258,1.90812,0.08213
2018-02-22,0.0365,1.58795,0.08365
2018-02-23,0.03574,1.3385,0.05019
2018-02-24,0.04715,0.66164,0.05932
2018-02-25,0.03802,0.66012,0.08669
2018-02-26,0.04867,1.51418,0.07985
2018-02-27,0.05627,1.61533,0.06464
2018-02-28,0.06312,1.47463,0.06236
2018-03-01,0.0441,0.80082,0.06084
2018-03-02,0.03954,1.35979,0.05019
2018-03-03,0.03042,0.84417,0.04715
2018-03-04,0.06768,0.79093,0.05399
2018-03-05,0.11711,1.67617,0.05779
2018-03-06,0.07453,1.48452,0.06008
2018-03-07,0.10419,2.20777,0.073
2018-03-08,0.07681,2.02905,0.06692
2018-03-09,0.05399,1.53319,0.07833
2018-03-10,0.04867,0.72553,0.07453
2018-03-11,0.05247,0.67305,0.07909
2018-03-12,0.06464,1.56513,0.05551
2018-03-13,0.03422,1.60392,0.05932
2018-03-14,0.05019,1.41835,0.05551
2018-03-15,0.04943,1.54764,0.05703
2018-03-16,0.03726,1.29059,0.05703
2018-03-17,0.04715,0.68066,0.06312
2018-03-18,0.05703,0.68826,0.0327
2018-03-19,0.07376,1.43661,0.07985
2018-03-20,0.0365,1.44953,0.07376
2018-03-21,0.04639,1.88151,0.05323
2018-03-22,0.03194,1.52711,0.06996
2018-03-23,0.03878,1.30884,0.04715
2018-03-24,0.0403,0.67457,0.06084
2018-03-25,0.0365,0.61221,0.05247
2018-03-26,0.03346,1.3385,0.09354
2018-03-27,0.03574,1.22138,0.08669
2018-03-28,0.05019,1.21073,0.06084
2018-03-29,0.04715,1.59479,0.06464
2018-03-30,0.0441,1.62445,0.07681
2018-03-31,0.02357,0.65176,0.05399
2018-04-01,0.03802,0.5757,0.22511
2018-04-02,0.05095,1.40999,0.09126
2018-04-03,0.03878,1.2769,0.08593
2018-04-04,0.04106,1.21986,0.06008
2018-04-05,0.02813,1.11795,0.06084
2018-04-06,0.03042,1.14913,0.06616
2018-04-07,0.02433,0.66392,0.25249
2018-04-08,0.02966,0.60156,0.08517
2018-04-09,0.04563,1.3461,0.19925
2018-04-10,0.03954,1.3096,0.12016
2018-04-11,0.02357,1.26853,0.07681
2018-04-12,0.0365,1.17727,0.07529
2018-04-13,0.05323,1.17423,0.04943
2018-04-14,0.05399,0.724,0.06388
2018-04-15,0.05247,0.651,0.05855
2018-04-16,0.05703,1.40999,0.07453
2018-04-17,0.04867,1.429,0.04715
2018-04-18,0.0403,1.47007,0.04258
2018-04-19,0.0403,1.23127,0.06844
2018-04-20,0.04563,1.08145,0.0654
2018-04-21,0.02661,0.56658,0.06236
2018-04-22,0.04106,0.57038,0.05323
2018-04-23,0.04563,1.31188,0.04639
2018-04-24,0.04334,1.22518,0.05627
2018-04-25,0.0365,1.08297,0.08669
2018-04-26,0.0441,1.12327,0.07833
2018-04-27,0.04182,0.96661,0.03726
2018-04-28,0.0327,0.60232,0.04867
2018-04-29,0.0403,0.52095,0.05323
2018-04-30,0.04943,1.29591,0.04639
2018-05-01,0.0365,0.83656,0.03802
2018-05-02,0.04639,1.39098,0.05932
2018-05-03,0.03118,1.30884,0.29203
2018-05-04,0.03878,1.10806,0.10266
2018-05-05,0.02737,0.5354,0.07453
2018-05-06,0.0441,0.56201,0.0616
2018-05-07,0.03726,0.8936,0.08137
2018-05-08,0.0403,1.38261,0.07833
2018-05-09,0.03042,1.14761,0.14449
2018-05-10,0.05551,1.1575,0.11331
2018-05-11,0.06312,1.30504,0.08669
2018-05-12,0.02737,0.64643,0.07072
2018-05-13,0.04487,0.64567,0.07224
2018-05-14,0.04715,1.52711,0.0981
2018-05-15,0.05551,1.30732,0.07833
2018-05-16,0.04563,1.29211,0.08517
2018-05-17,0.04867,1.18792,0.11179
2018-05-18,0.03954,1.12936,0.08745
2018-05-19,0.03042,0.51714,0.05855
2018-05-20,0.03726,0.61525,0.06692
2018-05-21,0.03118,1.26169,0.05703
2018-05-22,0.02966,0.79777,0.05171
2018-05-23,0.03574,1.61,0.09354
2018-05-24,0.04334,1.3385,0.07909
2018-05-25,0.04715,1.10426,0.07757
2018-05-26,0.03726,0.67381,0.05551
2018-05-27,0.09354,1.3925,0.11559
2018-05-28,0.14145,1.95984,0.10571
2018-05-29,0.10114,1.29591,0.06616
2018-05-30,0.09886,1.1248,0.09202
2018-05-31,0.05627,1.09742,0.08821
2018-06-01,0.06844,1.17575,0.07453
2018-06-02,0.05247,0.5681,0.06084
2018-06-03,0.04867,0.50878,0.06616
2018-06-04,0.06464,1.42368,0.13232
2018-06-05,0.04487,1.11567,0.09202
2018-06-06,0.05247,0.59624,0.04258
2018-06-07,0.06312,1.09057,0.1019
2018-06-08,0.04182,1.02897,0.08213
2018-06-09,0.02509,0.63807,0.04487
2018-06-10,0.03802,0.52703,0.073
2018-06-11,0.0441,1.41379,0.08593
2018-06-12,0.03042,1.21758,0.0654
2018-06-13,0.04563,0.68674,0.04487
2018-06-14,0.04867,1.06243,0.06692
2018-06-15,0.04563,1.22975,0.04867
2018-06-16,0.0327,0.76355,0.05095
2018-06-17,0.0403,0.78409,0.04715
2018-06-18,0.05399,1.4906,0.05019
2018-06-19,0.03954,1.31873,0.06768
2018-06-20,0.03726,1.50505,0.06464
2018-06-21,0.04182,1.37653,0.06768
2018-06-22,0.04334,1.0746,0.06388
2018-06-23,0.03194,0.64111,0.05323
2018-06-24,0.03498,0.59015,0.06692
2018-06-25,0.05855,1.36055,0.14297
2018-06-26,0.05627,1.28146,0.11635
2018-06-27,0.06692,1.49973,0.09278
2018-06-28,0.05247,1.07156,0.17796
2018-06-29,0.05779,0.96813,0.08593
2018-06-30,0.0441,0.48901,0.06464
2018-07-01,0.09278,0.54833,0.07148
2018-07-02,0.07376,1.25789,0.08365
2018-07-03,0.04791,1.25028,0.08441
2018-07-04,0.03802,1.08525,0.08441
2018-07-05,0.04334,1.17727,0.11864
2018-07-06,0.03802,0.95976,0.2426
2018-07-07,0.02889,0.5757,0.06008
2018-07-08,0.04639,0.58027,0.07072
2018-07-09,0.0365,1.41227,0.07224
2018-07-10,0.05779,1.75374,0.09658
2018-07-11,0.0403,1.34839,0.09278
2018-07-12,0.03726,1.2442,0.07909
2018-07-13,0.03954,1.10806,0.06996
2018-07-14,0.0365,0.55365,0.05779
2018-07-15,0.0441,0.60536,0.06084
2018-07-16,0.05171,1.68986,0.08365
2018-07-17,0.04182,1.39174,0.07453
2018-07-18,0.02509,1.77199,0.08365
2018-07-19,0.06008,1.35751,0.08821
2018-07-20,0.04715,1.3712,0.09658
2018-07-21,0.04182,0.63426,0.04791
2018-07-22,0.03726,0.6548,0.04867
2018-07-23,0.03726,1.31644,0.073
2018-07-24,0.03802,1.23127,0.07985
2018-07-25,0.02813,1.12023,0.08974
2018-07-26,0.06616,1.09209,0.17415
2018-07-27,0.04715,1.10882,0.10342
2018-07-28,0.0441,0.54528,0.05627
2018-07-29,0.04943,0.5468,0.07072
2018-07-30,0.05095,1.35903,0.07148
2018-07-31,0.05019,1.34154,0.07453
2018-08-01,0.04334,1.16434,0.06388
2018-08-02,0.03118,1.12327,0.07909
2018-08-03,0.04487,1.65792,0.06996
2018-08-04,0.03422,0.70119,0.05627
2018-08-05,0.03574,0.66316,0.0692
2018-08-06,0.04943,1.7507,0.06236
2018-08-07,0.0403,1.79709,0.0616
2018-08-08,0.04182,1.67997,0.07224
2018-08-09,0.03194,1.63282,0.09658
2018-08-10,0.03878,2.71807,0.06312
2018-08-11,0.0327,0.87383,0.05019
2018-08-12,0.03194,0.88675,0.0654
2018-08-13,0.04258,2.90288,0.08745
2018-08-14,0.03878,3.17818,0.07224
2018-08-15,0.04334,1.02137,0.06616
2018-08-16,0.04182,2.62909,0.08213
2018-08-17,0.05171,2.1378,0.07376
2018-08-18,0.04182,0.92706,0.05095
2018-08-19,0.0403,0.80918,0.05855
2018-08-20,0.04943,2.19256,0.08061
2018-08-21,0.04106,2.02753,0.07833
2018-08-22,0.04334,2.00015,0.05932
2018-08-23,0.02966,1.69518,0.05247
2018-08-24,0.04791,1.82371,0.05475
2018-08-25,0.03878,0.80386,0.06312
2018-08-26,0.0403,0.76431,0.06464
2018-08-27,0.03498,2.06327,0.06008
2018-08-28,0.06844,1.9933,0.0654
2018-08-29,0.03954,2.21613,0.14221
2018-08-30,0.06084,1.73093,0.10799
2018-08-31,0.05399,1.97201,0.07148
2018-09-01,0.05855,0.92402,0.06692
2018-09-02,0.04791,1.0168,0.06008
2018-09-03,0.05551,2.79793,0.0616
2018-09-04,0.0692,2.42299,0.08593
2018-09-05,0.05323,2.11575,0.08365
2018-09-06,0.03346,1.8374,0.08061
2018-09-07,0.03042,1.61533,0.08289
2018-09-08,0.03346,0.85557,0.0403
2018-09-09,0.04258,0.82211,0.0403
2018-09-10,0.03118,1.97201,0.05171
2018-09-11,0.03726,1.70127,0.07376
2018-09-12,0.0403,2.2785,0.05019
2018-09-13,0.05703,2.64658,0.05247
2018-09-14,0.04639,2.49752,0.06084
2018-09-15,0.03422,0.80082,0.04334
2018-09-16,0.05399,0.73541,0.03878
2018-09-17,0.04943,2.09825,0.0692
2018-09-18,0.03954,1.90736,0.06008
2018-09-19,0.04867,2.38573,0.06996
2018-09-20,0.04943,2.04806,0.05855
2018-09-21,0.03802,2.23971,0.03878
2018-09-22,0.0403,0.70879,0.05779
2018-09-23,0.03194,0.62286,0.02661
2018-09-24,0.02966,0.63122,0.02585
2018-09-25,0.02661,0.6837,0.03954
2018-09-26,0.03194,0.74834,0.0365
2018-09-27,0.04334,2.51349,0.1019
2018-09-28,0.04715,2.34694,0.06084
2018-09-29,0.0327,0.84188,0.05551
2018-09-30,0.03118,0.72248,0.05019
2018-10-01,0.04791,2.9082,0.05932
2018-10-02,0.03726,2.3804,0.05247
2018-10-03,0.04334,0.9263,0.04258
2018-10-04,0.04182,3.0527,0.05551
2018-10-05,0.03726,3.17134,0.06692
2018-10-06,0.0403,0.87611,0.06236
2018-10-07,0.05627,0.89664,0.04563
2018-10-08,0.06236,2.61312,0.05323
2018-10-09,0.04334,0.98106,0.05475
2018-10-10,0.03194,2.28914,0.06388
2018-10-11,0.04106,2.56825,0.0616
2018-10-12,0.04334,2.85496,0.05703
2018-10-13,0.03042,0.90729,0.04791
2018-10-14,0.04563,0.87991,0.07833
2018-10-15,0.03954,2.90212,0.08137
2018-10-16,0.05551,2.44505,0.08061
2018-10-17,0.07072,1.95376,0.07909
2018-10-18,0.03878,1.79481,0.07376
2018-10-19,0.03802,1.82143,0.06996
2018-10-20,0.03802,0.72705,0.05475
2018-10-21,0.03498,0.71336,0.05703
2018-10-22,0.0441,1.98266,0.11864
2018-10-23,0.04334,2.00091,0.08745
2018-10-24,0.04487,1.97201,0.07072
2018-10-25,0.04639,1.87846,0.08365
2018-10-26,0.05247,1.62445,0.0692
2018-10-27,0.04715,0.71108,0.04258
2018-10-28,0.03118,0.6951,0.04563
2018-10-29,0.05932,1.92257,0.05932
2018-10-30,0.0441,1.95223,0.06464
2018-10-31,0.04639,2.07011,0.06236
2018-11-01,0.05551,2.09597,0.13308
2018-11-02,0.05323,1.87618,0.09354
2018-11-03,0.03346,0.78941,0.05703
2018-11-04,0.0365,0.68142,0.0692
2018-11-05,0.05399,2.09369,0.07605
2018-11-06,0.03954,2.03969,0.07148
2018-11-07,0.05095,2.15073,0.06996
2018-11-08,0.0654,2.08532,0.09658
2018-11-09,0.05855,1.92334,0.05399
2018-11-10,0.03422,0.75366,0.04867
2018-11-11,0.04182,0.82287,0.04715
2018-11-12,0.04258,2.24427,0.06692
2018-11-13,0.04943,2.02068,0.06008
2018-11-14,0.04791,2.02981,0.0654
2018-11-15,0.05171,2.8215,0.07072
2018-11-16,0.04334,2.16898,0.05855
2018-11-17,0.0616,0.74834,0.05932
2018-11-18,0.05703,0.64491,0.04487
2018-11-19,0.03498,2.44048,0.07757
2018-11-20,0.03726,2.06327,0.0616
2018-11-21,0.06008,2.30587,0.10495
2018-11-22,0.0441,1.94539,0.07376
2018-11-23,0.04639,1.69898,0.07453
2018-11-24,0.0365,0.80158,0.05855
2018-11-25,0.04106,1.36892,0.05323
2018-11-26,0.05779,5.20267,0.04791
2018-11-27,0.04334,3.35082,0.06236
2018-11-28,0.04639,2.60932,0.05095
2018-11-29,0.07224,2.16366,0.08213
2018-11-30,0.05475,2.01916,0.05475
2018-12-01,0.04487,0.8358,0.05019
2018-12-02,0.05551,0.79853,0.05399
2018-12-03,0.03726,2.18799,0.06616
2018-12-04,0.07529,2.78804,0.0654
2018-12-05,0.05095,2.84584,0.04182
2018-12-06,0.02661,2.24807,0.07605
2018-12-07,0.03802,2.01003,0.06616
2018-12-08,0.03954,0.97726,0.05855
2018-12-09,0.03194,0.8898,0.04182
2018-12-10,0.03422,2.3188,0.07453
2018-12-11,0.03878,2.29142,0.06388
2018-12-12,0.03118,2.39105,0.06312
2018-12-13,0.0616,3.77443,0.05475
2018-12-14,0.04182,5.78523,0.05779
2018-12-15,0.02813,1.56741,0.04943
2018-12-16,0.02737,1.29667,0.06692
2018-12-17,0.02966,3.81321,0.04182
2018-12-18,0.03954,3.00707,0.06844
2018-12-19,0.02889,2.7523,0.04106
2018-12-20,0.02357,2.20549,0.05855
2018-12-21,0.0365,2.0762,0.03726
2018-12-22,0.01901,0.80386,0.04715
2018-12-23,0.02585,0.86014,0.04563
2018-12-24,0.03802,1.94235,0.05323
2018-12-25,0.02585,0.96585,0.05932
2018-12-26,0.0327,2.35683,0.05323
2018-12-27,0.04639,1.88607,0.08821
2018-12-28,0.03878,1.65259,0.05703
2018-12-29,0.03802,0.71716,0.0441
2018-12-30,0.0403,0.7453,0.05627
2018-12-31,0.03498,0.99779,0.05019
2019-01-01,0.02357,0.73541,0.04487
2019-01-02,0.02889,1.82371,0.0616
2019-01-03,0.03194,1.67541,0.08137
2019-01-04,0.04182,1.67693,0.07224
2019-01-05,0.04334,0.67077,0.05323
2019-01-06,0.03726,0.69663,0.07681
2019-01-07,0.04334,2.02372,0.08137
2019-01-08,0.04334,1.88835,0.06692
2019-01-09,0.04563,1.78872,0.07529
2019-01-10,0.04182,2.00547,0.07072
2019-01-11,0.03574,1.89444,0.06236
2019-01-12,0.02433,0.74378,0.04487
2019-01-13,0.05779,0.75899,0.06768
2019-01-14,0.04867,2.00091,0.0654
2019-01-15,0.05323,1.86554,0.05399
2019-01-16,0.06996,1.77884,0.06084
2019-01-17,0.05323,1.77351,0.07224
2019-01-18,0.04106,1.75146,0.07757
2019-01-19,0.03498,0.78637,0.073
2019-01-20,0.04487,0.79549,0.04563
2019-01-21,0.04563,2.07011,0.0692
2019-01-22,0.04639,1.86097,0.06312
2019-01-23,0.04867,2.0838,0.08517
2019-01-24,0.0403,2.18647,0.08061
2019-01-25,0.05551,1.67693,0.08441
2019-01-26,0.04258,0.74758,0.04867
2019-01-27,0.04182,0.72324,0.06692
2019-01-28,0.04563,1.94919,0.07453
2019-01-29,0.05095,1.94159,0.07148
2019-01-30,0.05932,1.79709,0.06768
2019-01-31,0.05095,1.62065,0.05703
2019-02-01,0.01901,1.62293,0.06692
2019-02-02,0.03042,0.60765,0.04487
2019-02-03,0.04563,0.58483,0.05475
2019-02-04,0.04791,0.70651,0.04791
2019-02-05,0.06616,0.61525,0.03802
2019-02-06,0.06844,0.724,0.04639
2019-02-07,0.08898,1.79633,0.04943
2019-02-08,0.06616,1.62826,0.04791
2019-02-09,0.04791,1.0168,0.05399
2019-02-10,0.04258,0.89056,0.05855
2019-02-11,0.03498,1.95756,0.06768
2019-02-12,0.03194,1.97505,0.07605
2019-02-13,0.03498,1.92638,0.05932
2019-02-14,0.04258,2.04121,0.08061
2019-02-15,0.03726,1.8701,0.05855
2019-02-16,0.02966,1.01756,0.04867
2019-02-17,0.05551,1.00311,0.06844
2019-02-18,0.0327,2.26937,0.07376
2019-02-19,0.05627,2.56141,0.06996
2019-02-20,0.05475,2.69221,0.06084
2019-02-21,0.02813,2.3401,0.09582
2019-02-22,0.03954,1.82979,0.07833
2019-02-23,0.0365,0.8069,0.06388
2019-02-24,0.03954,0.79625,0.07833
2019-02-25,0.05019,2.99642,0.05627
2019-02-26,0.04867,2.41843,0.06616
2019-02-27,0.04182,2.42756,0.05932
2019-02-28,0.02585,2.07392,0.05551
2019-03-01,0.02205,0.85025,0.05932
2019-03-02,0.02433,0.81755,0.0616
2019-03-03,0.05932,0.88143,0.0692
2019-03-04,0.04563,2.04274,0.05703
2019-03-05,0.05019,2.08456,0.06008
2019-03-06,0.04943,2.48079,0.04334
2019-03-07,0.0365,2.25948,0.07224
2019-03-08,0.03954,2.10966,0.04334
2019-03-09,0.03726,0.99779,0.04943
2019-03-10,0.03042,0.97421,0.07072
2019-03-11,0.04258,2.6694,0.07072
2019-03-12,0.03346,4.38284,0.07148
2019-03-13,0.02737,2.9333,0.0654
2019-03-14,0.03574,2.28534,0.06464
2019-03-15,0.0327,1.98266,0.07148
2019-03-16,0.02737,0.86014,0.07148
2019-03-17,0.03878,0.83808,0.06084
2019-03-18,0.05703,2.04274,0.06236
2019-03-19,0.05399,2.01308,0.06692
2019-03-20,0.05779,2.33249,0.05475
2019-03-21,0.06692,1.8663,0.05779
2019-03-22,0.04715,1.62826,0.07072
2019-03-23,0.03574,0.75671,0.05323
2019-03-24,0.04182,0.71488,0.09582
2019-03-25,0.06768,1.94919,0.07985
2019-03-26,0.04334,1.78796,0.07757
2019-03-27,0.0441,1.63054,0.06996
2019-03-28,0.05475,1.79025,0.08289
2019-03-29,0.03422,2.38269,0.05171
2019-03-30,0.02205,1.12784,0.04639
2019-03-31,0.03954,0.91489,0.05399
2019-04-01,0.04639,2.35455,0.05323
2019-04-02,0.03574,1.96516,0.05323
2019-04-03,0.0654,1.70203,0.0441
2019-04-04,0.05399,1.85109,0.07148
2019-04-05,0.05247,1.65868,0.06464
2019-04-06,0.03954,0.88675,0.04182
2019-04-07,0.05703,0.75671,0.05932
2019-04-08,0.05932,1.74614,0.05399
2019-04-09,0.0365,1.65259,0.05703
2019-04-10,0.04867,1.87694,0.06236
2019-04-11,0.04106,2.02524,0.07072
2019-04-12,0.04563,1.56513,0.05779
2019-04-13,0.03422,0.82287,0.05323
2019-04-14,0.05171,0.8031,0.1559
2019-04-15,0.02966,1.78112,0.10038
2019-04-16,0.03042,1.63434,0.06008
2019-04-17,0.03194,1.83207,0.0441
2019-04-18,0.03118,1.60848,0.05399
2019-04-19,0.05323,1.74005,0.04943
2019-04-20,0.10647,1.43889,0.04563
2019-04-21,0.07529,1.15446,0.04867
2019-04-22,0.10647,1.95604,0.05779
2019-04-23,0.05171,1.79937,0.04487
2019-04-24,0.02737,1.84652,0.05019
2019-04-25,0.02205,1.60544,0.04487
2019-04-26,0.03422,1.36436,0.04943
2019-04-27,0.02889,0.67609,0.04334
2019-04-28,0.03194,0.59548,0.08061
2019-04-29,0.03878,1.50201,0.0654
2019-04-30,0.03422,1.39858,0.05703
2019-05-01,0.0365,0.86926,0.05323
2019-05-02,0.03118,1.44649,0.04563
2019-05-03,0.0403,1.31188,0.05247
2019-05-04,0.01368,0.72248,0.04334
2019-05-05,0.00912,0.6548,0.03346
2019-05-06,0.02281,0.92934,0.0365
2019-05-07,0.02737,1.68149,0.05095
2019-05-08,0.06084,1.66324,0.05399
2019-05-09,0.06008,1.92486,0.04639
2019-05-10,0.03498,1.52407,0.03802
2019-05-11,0.04867,0.76127,0.05399
2019-05-12,0.04867,0.69967,0.04943
2019-05-13,0.05551,1.53395,0.05019
2019-05-14,0.07453,1.56285,0.05171
2019-05-15,0.04943,1.78872,0.04334
2019-05-16,0.03878,1.6024,0.06008
2019-05-17,0.03954,1.48452,0.04487
2019-05-18,0.03726,0.87002,0.0403
2019-05-19,0.03574,0.90044,0.04867
2019-05-20,0.08745,1.70735,0.06464
2019-05-21,0.10342,1.71724,0.09962
2019-05-22,0.09962,1.99178,0.06844
2019-05-23,0.07072,1.78264,0.04258
2019-05-24,0.03346,1.63662,0.04943
2019-05-25,0.0403,0.75366,0.04563
2019-05-26,0.07376,1.38869,0.04334
2019-05-27,0.0943,2.01232,0.05703
2019-05-28,0.09126,1.49973,0.05247
2019-05-29,0.1019,1.47387,0.06312
2019-05-30,0.09202,1.38261,0.03802
2019-05-31,0.06312,1.18716,0.05627
2019-06-01,0.03954,0.67229,0.03954
2019-06-02,0.05247,0.66088,0.04258
2019-06-03,0.07148,1.51722,0.04867
2019-06-04,0.0616,1.54232,0.06464
2019-06-05,0.03118,1.27386,0.05627
2019-06-06,0.03878,0.82059,0.04639
2019-06-07,0.0403,1.16967,0.06084
2019-06-08,0.03194,0.76051,0.04106
2019-06-09,0.04106,0.67609,0.04639
2019-06-10,0.09354,1.91497,0.06768
2019-06-11,0.08821,1.76515,0.04639
2019-06-12,0.04106,2.30131,0.05171
2019-06-13,0.05171,2.08532,0.06084
2019-06-14,0.05855,1.664,0.03878
2019-06-15,0.03346,0.82743,0.02053
2019-06-16,0.03878,0.79625,0.03878
2019-06-17,0.06844,1.6678,0.05171
2019-06-18,0.04334,1.78188,0.05399
2019-06-19,0.06084,1.71115,0.04258
2019-06-20,0.03574,1.54308,0.04943
2019-06-21,0.04334,1.38413,0.04791
2019-06-22,0.02053,0.79777,0.03118
2019-06-23,0.01901,0.69967,0.03802
2019-06-24,0.02357,1.69898,0.05855
2019-06-25,0.04639,1.62065,0.04334
2019-06-26,0.04943,2.54848,0.03954
2019-06-27,0.04563,1.8952,0.04867
2019-06-28,0.03118,1.38033,0.06008
2019-06-29,0.01749,0.62362,0.03802
2019-06-30,0.01521,0.54757,0.04182
2019-07-01,0.02357,1.44953,0.05399
2019-07-02,0.02053,1.44877,0.05247
2019-07-03,0.04715,1.26701,0.06692
2019-07-04,0.02813,1.27918,0.05171
2019-07-05,0.02966,1.32481,0.04943
2019-07-06,0.02205,0.67457,0.04715
2019-07-07,0.03954,0.63731,0.03118
2019-07-08,0.05551,1.53852,0.05855
2019-07-09,0.02966,1.35219,0.06312
2019-07-10,0.03498,1.41911,0.07681
2019-07-11,0.02357,1.8374,0.04791
2019-07-12,0.03042,1.38261,0.05779
2019-07-13,0.02433,0.75138,0.04182
2019-07-14,0.03954,0.64947,0.05551
2019-07-15,0.04258,1.4906,0.05323
2019-07-16,0.02737,1.48528,0.06996
2019-07-17,0.02966,1.64727,0.08745
2019-07-18,0.03498,1.53319,0.07529
2019-07-19,0.03118,1.2731,0.07757
2019-07-20,0.02966,0.75138,0.05171
2019-07-21,0.01749,0.64643,0.05399
2019-07-22,0.04715,1.37805,0.06236
2019-07-23,0.02889,1.43889,0.05932
2019-07-24,0.04639,1.83968,0.06692
2019-07-25,0.02281,1.58567,0.0692
2019-07-26,0.02737,1.45866,0.08669
2019-07-27,0.02813,0.6259,0.06464
2019-07-28,0.02813,0.67001,0.06692
2019-07-29,0.04182,1.64271,0.06312
2019-07-30,0.01825,1.6678,0.07529
2019-07-31,0.02661,1.51038,0.05475
2019-08-01,0.02813,1.29743,0.07224
2019-08-02,0.02813,1.2442,0.06008
2019-08-03,0.01901,0.60536,0.0654
2019-08-04,0.01521,0.57038,0.04639
2019-08-05,0.02129,1.7583,0.06008
2019-08-06,0.02509,1.66932,0.06464
2019-08-07,0.02357,1.50201,0.06768
2019-08-08,0.03498,1.58871,0.0616
2019-08-09,0.03878,1.56361,0.08517
2019-08-10,0.01064,0.74834,0.07224
2019-08-11,0.01977,0.73541,0.06312
2019-08-12,0.02357,1.8085,0.08441
2019-08-13,0.03118,1.68149,0.08213
2019-08-14,0.01368,1.71191,0.05703
2019-08-15,0.01444,0.88371,0.04106
2019-08-16,0.02433,1.45562,0.05703
2019-08-17,0.01521,0.63122,0.04182
2019-08-18,0.01825,0.61145,0.05551
2019-08-19,0.04106,1.51798,0.04791
2019-08-20,0.06844,1.68225,0.06388
2019-08-21,0.04334,1.9895,0.04715
2019-08-22,0.07376,1.53243,0.04867
2019-08-23,0.0327,1.194,0.04791
2019-08-24,0.01901,0.56049,0.03954
2019-08-25,0.04487,0.54604,0.04715
2019-08-26,0.04106,1.30656,0.06312
2019-08-27,0.03954,1.40086,0.05095
2019-08-28,0.0441,1.35599,0.0441
2019-08-29,0.0327,1.30808,0.05475
2019-08-30,0.03802,1.18183,0.04943
2019-08-31,0.03802,0.62894,0.02509
2019-09-01,0.02737,0.57951,0.05247
2019-09-02,0.02966,1.28222,0.06464
2019-09-03,0.01901,1.37729,0.06768
2019-09-04,0.03042,1.6891,0.06084
2019-09-05,0.02966,1.68377,0.08213
2019-09-06,0.02357,1.302,0.07605
2019-09-07,0.02509,0.62894,0.05019
2019-09-08,0.02661,0.7126,0.06008
2019-09-09,0.04563,1.71115,0.05779
2019-09-10,0.05171,2.42832,0.05323
2019-09-11,0.02966,1.56894,0.06008
2019-09-12,0.01825,0.57418,0.03194
2019-09-13,0.02509,0.42816,0.0365
2019-09-14,0.02433,0.52779,0.0365
2019-09-15,0.0327,0.67153,0.07453
2019-09-16,0.05475,1.81991,0.07529
2019-09-17,0.05323,1.53928,0.08821
2019-09-18,0.02813,1.33774,0.07681
2019-09-19,0.03954,1.35295,0.06768
2019-09-20,0.03422,1.20465,0.06236
2019-09-21,0.02813,0.62818,0.08745
2019-09-22,0.02205,0.59015,0.08365
2019-09-23,0.03118,1.52863,0.06996
2019-09-24,0.04106,1.74081,0.07148
2019-09-25,0.04563,1.55753,0.06768
2019-09-26,0.04182,1.34306,0.08061
2019-09-27,0.02509,1.15598,0.06692
2019-09-28,0.02509,0.62666,0.0441
2019-09-29,0.04106,0.58711,0.05323
2019-09-30,0.05019,1.53928,0.05323
2019-10-01,0.02813,1.41607,0.0692
2019-10-02,0.03042,1.20845,0.07909
2019-10-03,0.02813,0.65556,0.05932
2019-10-04,0.02889,1.33013,0.05247
2019-10-05,0.02053,0.87763,0.04487
2019-10-06,0.02889,0.85329,0.05475
2019-10-07,0.03042,1.63206,0.06388
2019-10-08,0.03346,1.41835,0.05323
2019-10-09,0.04563,0.78028,0.05855
2019-10-10,0.03118,1.37196,0.05855
2019-10-11,0.02281,1.51722,0.04563
2019-10-12,0.02205,0.73769,0.04715
2019-10-13,0.01977,0.68142,0.05627
2019-10-14,0.03954,1.63434,0.05247
2019-10-15,0.02813,1.46246,0.07605
2019-10-16,0.03042,1.58034,0.08441
2019-10-17,0.03498,1.63966,0.06084
2019-10-18,0.03346,1.45334,0.07605
2019-10-19,0.01673,0.79245,0.06464
2019-10-20,0.03422,0.73237,0.08289
2019-10-21,0.05247,1.64575,0.07757
2019-10-22,0.03726,1.5811,0.09354
2019-10-23,0.05171,1.40086,0.06084
2019-10-24,0.03726,1.33698,0.06388
2019-10-25,0.05475,1.23507,0.06768
2019-10-26,0.02281,0.73161,0.07072
2019-10-27,0.02889,0.6875,0.06768
2019-10-28,0.05095,1.57198,0.09582
2019-10-29,0.03802,1.50733,0.07605
2019-10-30,0.03954,1.90204,0.08745
2019-10-31,0.03802,1.41683,0.0943
2019-11-01,0.02509,1.27081,0.06768
2019-11-02,0.03194,0.67153,0.07376
2019-11-03,0.02585,0.60308,0.08213
2019-11-04,0.04867,1.60772,0.08365
2019-11-05,0.06236,1.67769,0.07757
2019-11-06,0.07072,1.5446,0.10419
2019-11-07,0.06844,1.54992,0.0981
2019-11-08,0.03346,1.4868,0.07529
2019-11-09,0.0403,0.90273,0.0654
2019-11-10,0.02813,0.92858,0.08821
2019-11-11,0.05399,1.84652,0.07833
2019-11-12,0.04715,1.70811,0.27074
2019-11-13,0.05703,1.71952,0.1019
2019-11-14,0.07072,1.7796,0.073
2019-11-15,0.06996,1.70507,0.08289
2019-11-16,0.03118,0.89436,0.0692
2019-11-17,0.04182,0.91261,0.08517
2019-11-18,0.04943,1.50125,0.07681
2019-11-19,0.05095,1.47007,0.09582
2019-11-20,0.04715,1.63586,0.08593
2019-11-21,0.03574,1.3712,0.08517
2019-11-22,0.03726,1.23051,0.0943
2019-11-23,0.04943,1.0746,0.06616
2019-11-24,0.12092,1.62826,0.07605
2019-11-25,0.10875,2.20929,0.07072
2019-11-26,0.08821,1.82447,0.07985
2019-11-27,0.05323,1.58491,0.05932
2019-11-28,0.0616,1.75754,0.08669
2019-11-29,0.04334,1.29059,0.07072
2019-11-30,0.02585,0.77268,0.07376
2019-12-01,0.04867,0.72781,0.07605
2019-12-02,0.04182,1.61,0.08517
2019-12-03,0.04791,1.56285,0.09886
2019-12-04,0.07376,1.33546,0.07985
2019-12-05,0.04334,1.41303,0.06768
2019-12-06,0.03422,1.5157,0.07909
2019-12-07,0.03878,0.97041,0.07757
2019-12-08,0.0365,0.85329,0.0905
2019-12-09,0.02661,1.64879,0.07833
2019-12-10,0.05399,1.66096,0.07985
2019-12-11,0.04715,1.64651,0.07985
2019-12-12,0.06768,1.59327,0.05551
2019-12-13,0.06236,1.47767,0.073
2019-12-14,0.03802,0.90805,0.04182
2019-12-15,0.0327,0.95444,0.05551
2019-12-16,0.06464,1.82143,0.09962
2019-12-17,0.05475,1.88835,0.07376
2019-12-18,0.06616,2.37128,0.06236
2019-12-19,0.05019,1.84272,0.07072
2019-12-20,0.04106,1.48224,0.04182
2019-12-21,0.02889,0.68902,0.06692
2019-12-22,0.06008,0.71716,0.06692
2019-12-23,0.04182,1.52863,0.05247
2019-12-24,0.05323,1.12708,0.07757
2019-12-25,0.0403,0.6586,0.04943
2019-12-26,0.04563,1.08069,0.05855
2019-12-27,0.04639,1.20769,0.07376
2019-12-28,0.03194,0.79853,0.06388
2019-12-29,0.05932,0.75519,0.05779
2019-12-30,0.05323,1.40619,0.05475
2019-12-31,0.05475,0.88828,0.06616
2020-01-01,0.06616,0.65252,0.06312
2020-01-02,0.06008,1.28526,0.07681
2020-01-03,0.0943,1.26853,0.06312
2020-01-04,0.04563,0.70499,0.07605
2020-01-05,0.04258,0.76279,0.06692
2020-01-06,0.07757,1.54688,0.05703
2020-01-07,0.08365,1.79253,0.07529
2020-01-08,0.07453,1.41987,0.13537
2020-01-09,0.09202,1.51722,0.10571
2020-01-10,0.07681,1.483,0.07224
2020-01-11,0.05551,0.87535,0.06464
2020-01-12,0.04867,0.80614,0.06388
2020-01-13,0.07376,1.92942,0.07529
2020-01-14,0.07529,2.93938,0.06388
2020-01-15,0.06996,2.08,0.08061
2020-01-16,0.05399,1.82675,0.0943
2020-01-17,0.10419,1.88303,0.06464
2020-01-18,0.04487,1.2267,0.06084
2020-01-19,0.07681,1.17119,0.05551
2020-01-20,0.05932,2.42451,0.06084
2020-01-21,0.02357,2.0549,0.05171
2020-01-22,0.0616,2.13704,0.06084
2020-01-23,0.05779,1.63434,0.07148
2020-01-24,0.02966,0.67153,0.06084
2020-01-25,0.0327,0.48596,0.04563
2020-01-26,0.06084,0.61449,0.07072
2020-01-27,0.0654,0.90577,0.0616
2020-01-28,0.05703,1.69062,0.0616
2020-01-29,0.06312,1.59099,0.07833
2020-01-30,0.06236,1.53471,0.06008
2020-01-31,0.05323,1.62141,0.07757
2020-02-01,0.04334,1.03658,0.04258
2020-02-02,0.05323,1.02593,0.08669
2020-02-03,0.09354,2.15529,0.08137
2020-02-04,0.07148,2.40854,0.07072
2020-02-05,0.16731,3.04661,0.20838
2020-02-06,0.08137,3.19263,0.09202
2020-02-07,0.07909,2.58422,0.08289
2020-02-08,0.05703,1.14913,0.09126
2020-02-09,0.0403,1.24572,0.05551
2020-02-10,0.06844,2.66864,0.08365
2020-02-11,0.07453,2.44048,0.08669
2020-02-12,0.09582,2.70895,0.07376
2020-02-13,0.07453,2.45265,0.08669
2020-02-14,0.08061,1.88379,0.07681
2020-02-15,0.05323,0.80614,0.07224
2020-02-16,0.0692,0.83276,0.08517
2020-02-17,0.06768,2.13248,0.08745
2020-02-18,0.08441,1.88531,0.09582
2020-02-19,0.06616,1.64271,0.10266
2020-02-20,0.07757,1.68834,0.08365
2020-02-21,0.06464,1.74614,0.05095
2020-02-22,0.03878,0.93162,0.05855
2020-02-23,0.07529,0.82287,0.06464
2020-02-24,0.05627,1.85489,0.05551
2020-02-25,0.06312,2.04274,0.07757
2020-02-26,0.07224,1.78264,0.08289
2020-02-27,0.06388,1.74842,0.06388
2020-02-28,0.05247,1.70963,0.07681
2020-02-29,0.06236,0.87078,0.07681
2020-03-01,0.06312,0.91489,0.0654
2020-03-02,0.07376,2.13932,0.07453
2020-03-03,0.08289,2.026,0.08517
2020-03-04,0.06616,2.20244,0.10342
2020-03-05,0.05095,1.95223,0.0905
2020-03-06,0.05932,1.72332,0.08289
2020-03-07,0.05855,1.15446,0.08517
2020-03-08,0.05779,1.09361,0.09354
2020-03-09,0.10799,2.94242,0.07148
2020-03-10,0.08593,2.61616,0.07453
2020-03-11,0.10038,2.39409,0.09202
2020-03-12,0.08137,2.69374,0.09658
2020-03-13,0.06996,3.02532,0.08213
2020-03-14,0.05932,1.20465,0.07453
2020-03-15,0.05932,0.9879,0.08213
2020-03-16,0.06312,2.1629,0.08137
2020-03-17,0.05475,2.12943,0.08289
2020-03-18,0.05703,2.00243,0.09962
2020-03-19,0.05932,2.08228,0.12016
2020-03-20,0.05779,1.94159,0.12548
2020-03-21,0.04639,1.11035,0.08745
2020-03-22,0.06008,1.00007,0.05475
2020-03-23,0.04715,2.32261,0.11711
2020-03-24,0.06768,2.49448,0.08745
2020-03-25,0.06844,2.86333,0.08669
2020-03-26,0.08289,2.42223,0.06616
2020-03-27,0.07909,1.86858,0.0692
2020-03-28,0.03954,0.87002,0.07148
2020-03-29,0.04867,0.84036,0.09354
2020-03-30,0.08745,1.87466,0.09278
2020-03-31,0.08898,1.95452,0.10495
2020-04-01,0.06844,1.64423,0.1019
2020-04-02,0.0616,1.9317,0.09582
2020-04-03,0.07148,1.95756,0.08898
2020-04-04,0.0365,1.12936,0.07909
2020-04-05,0.05019,1.06776,0.09126
2020-04-06,0.07453,2.22678,0.09582
2020-04-07,0.07985,2.33325,0.07909
2020-04-08,0.06692,2.15529,0.1194
2020-04-09,0.07224,2.19028,0.14069
2020-04-10,0.08289,1.72408,0.08137
2020-04-11,0.0403,1.00692,0.07376
2020-04-12,0.04563,0.94151,0.07224
2020-04-13,0.07376,2.00927,0.07757
2020-04-14,0.08137,1.91193,0.0943
2020-04-15,0.05171,1.10578,0.08061
2020-04-16,0.06388,1.94007,0.09582
2020-04-17,0.05627,2.32869,0.08441
2020-04-18,0.02205,1.01452,0.0905
2020-04-19,0.05855,1.02441,0.08061
2020-04-20,0.073,2.01079,0.11179
2020-04-21,0.10647,1.80926,0.09886
2020-04-22,0.06692,1.64575,0.12244
2020-04-23,0.16198,2.08152,0.08669
2020-04-24,0.11635,1.97581,0.05855
2020-04-25,0.0905,1.27234,0.06844
2020-04-26,0.08137,1.08981,0.08593
2020-04-27,0.08821,2.24199,0.06996
2020-04-28,0.08213,1.96821,0.07833
2020-04-29,0.0654,1.93246,0.07072
2020-04-30,0.04563,1.1575,0.05855
2020-05-01,0.0441,1.07764,0.06692
2020-05-02,0.06236,0.9225,0.04943
2020-05-03,0.06692,0.959,0.07224
2020-05-04,0.06996,1.73549,0.07529
2020-05-05,0.04106,1.12023,0.07148
2020-05-06,0.0441,2.14084,0.08593
2020-05-07,0.03954,1.82295,0.05019
2020-05-08,0.05095,1.7005,0.07681
2020-05-09,0.05323,1.05407,0.06084
2020-05-10,0.01977,1.04722,0.06312
2020-05-11,0.07529,1.9355,0.08137
2020-05-12,0.06464,1.75754,0.08365
2020-05-13,0.07376,1.65107,0.08898
2020-05-14,0.07681,1.75678,0.07529
2020-05-15,0.07529,1.73245,0.08213
2020-05-16,0.0403,1.00007,0.073
2020-05-17,0.0403,1.00996,0.05703
2020-05-18,0.06692,1.92486,0.07605
2020-05-19,0.04258,2.62681,0.07909
2020-05-20,0.06388,1.85641,0.11407
2020-05-21,0.07681,2.29751,0.09506
2020-05-22,0.07529,1.91041,0.06464
2020-05-23,0.04715,1.21606,0.06996
2020-05-24,0.06464,1.21454,0.07681
2020-05-25,0.10571,2.21005,0.07072
2020-05-26,0.07833,2.22298,0.06388
2020-05-27,0.06996,3.52422,0.0905
2020-05-28,0.05779,2.32565,0.05779
2020-05-29,0.05323,2.18799,0.07148
2020-05-30,0.02889,1.11187,0.07833
2020-05-31,0.0441,0.98866,0.06236
2020-06-01,0.06996,2.31424,0.07757
2020-06-02,0.06388,2.30283,0.06996
2020-06-03,0.05703,2.16746,0.06768
2020-06-04,0.03574,2.27317,0.07072
2020-06-05,0.05932,1.89596,0.05932
2020-06-06,0.05703,1.13012,0.04334
2020-06-07,0.0403,1.10502,0.06312
2020-06-08,0.07224,2.21841,0.0981
2020-06-09,0.03954,2.12943,0.06312
2020-06-10,0.06464,1.81458,0.07757
2020-06-11,0.09126,1.96516,0.06008
2020-06-12,0.08365,1.63282,0.06464
2020-06-13,0.04487,1.07308,0.08137
2020-06-14,0.05475,1.21073,0.08213
2020-06-15,0.08441,2.01916,0.09278
2020-06-16,0.13765,2.30816,0.08061
2020-06-17,0.08898,2.34542,0.07224
2020-06-18,0.10571,2.19788,0.07985
2020-06-19,0.04639,1.65868,0.05323
2020-06-20,0.04943,1.23887,0.06768
2020-06-21,0.06312,1.0708,0.07757
2020-06-22,0.09202,1.90356,0.05323
2020-06-23,0.07224,1.93855,0.07681
2020-06-24,0.04182,1.90432,0.05779
2020-06-25,0.08061,1.70279,0.05779
2020-06-26,0.06768,1.63586,0.05627
2020-06-27,0.0365,1.06015,0.06464
2020-06-28,0.0441,0.86698,0.05932
2020-06-29,0.06996,1.81914,0.06996
2020-06-30,0.04867,2.25492,0.07376
2020-07-01,0.04334,1.66324,0.06616
2020-07-02,0.04639,1.72636,0.06844
2020-07-03,0.05247,1.73473,0.06388
2020-07-04,0.02433,1.05179,0.05779
2020-07-05,0.03878,1.05103,0.05627
2020-07-06,0.06008,1.81914,0.073
2020-07-07,0.06692,1.73245,0.08517
2020-07-08,0.04867,1.61152,0.05779
2020-07-09,0.05932,1.63586,0.06464
2020-07-10,0.0403,1.44041,0.08745
2020-07-11,0.03346,0.87991,0.05551
2020-07-12,0.0365,0.87915,0.08593
2020-07-13,0.06312,1.65259,0.06616
2020-07-14,0.04563,1.75678,0.08061
2020-07-15,0.04639,2.43212,0.09354
2020-07-16,0.08213,2.37432,0.09734
2020-07-17,0.0654,1.8701,0.10266
2020-07-18,0.03574,1.16358,0.07757
2020-07-19,0.04715,1.10274,0.10875
2020-07-20,0.06616,1.78112,0.08517
2020-07-21,0.04943,1.74766,0.08441
2020-07-22,0.07148,1.88607,0.07681
2020-07-23,0.07072,1.96516,0.1194
2020-07-24,0.07605,1.5157,0.1019
2020-07-25,0.04715,0.97497,0.10723
2020-07-26,0.04258,0.94227,0.08898
2020-07-27,0.07757,1.80622,0.08898
2020-07-28,0.06844,2.11727,0.06616
2020-07-29,0.05399,1.4868,0.11027
2020-07-30,0.05323,1.34154,0.04258
2020-07-31,0.04791,1.50353,0.07681
2020-08-01,0.03954,1.05331,0.06312
2020-08-02,0.03118,0.88599,0.06312
2020-08-03,0.0616,1.73016,0.08365
2020-08-04,0.07453,1.80469,0.06084
2020-08-05,0.04791,1.62293,0.06768
2020-08-06,0.0654,1.74157,0.06996
2020-08-07,0.06008,1.74614,0.07072
2020-08-08,0.07376,1.05939,0.0616
2020-08-09,0.04943,1.0746,0.09202
2020-08-10,0.06388,1.86097,0.0692
2020-08-11,0.06388,2.15073,0.05551
2020-08-12,0.07605,1.85641,0.08213
2020-08-13,0.10266,2.21689,0.06996
2020-08-14,0.07376,2.16214,0.06996
2020-08-15,0.06616,1.29819,0.04791
2020-08-16,0.06312,1.05103,0.06236
2020-08-17,0.05323,1.3134,0.10114
2020-08-18,0.05551,1.83968,0.08821
2020-08-19,0.06312,1.66476,0.11483
2020-08-20,0.05627,1.5986,0.08061
2020-08-21,0.05703,1.41683,0.10419
2020-08-22,0.03498,0.92554,0.08289
2020-08-23,0.03194,0.86242,0.2502
2020-08-24,0.04791,1.91269,0.11027
2020-08-25,0.07985,2.08609,0.1194
2020-08-26,0.06008,1.87162,0.11635
2020-08-27,0.08061,1.57122,0.11103
2020-08-28,0.12244,1.60012,0.08745
2020-08-29,0.11787,1.05711,0.26998
2020-08-30,0.09582,1.03886,0.16351
2020-08-31,0.10419,1.72484,0.1308
2020-09-01,0.11483,1.67617,0.10266
2020-09-02,0.11864,1.71876,0.10266
2020-09-03,0.07681,1.5484,0.10266
2020-09-04,0.07376,1.42064,0.09582
2020-09-05,0.09962,1.00996,0.08137
2020-09-06,0.11864,1.04494,0.08669
2020-09-07,0.13689,2.00167,0.09886
2020-09-08,0.11027,2.1667,0.06616
2020-09-09,0.10723,1.95071,0.0905
2020-09-10,0.13537,3.70142,0.06768
2020-09-11,0.12092,4.96919,0.073
2020-09-12,0.05551,1.75526,0.07833
2020-09-13,0.05779,1.46703,0.08898
2020-09-14,0.11483,2.98045,0.06996
2020-09-15,0.15058,2.53479,0.07072
2020-09-16,0.12396,2.15986,0.11255
2020-09-17,0.10875,2.16822,0.10495
2020-09-18,0.04943,2.57434,0.0943
2020-09-19,0.09354,1.35827,0.073
2020-09-20,0.10647,1.1035,0.05551
2020-09-21,0.12852,2.74469,0.18176
2020-09-22,0.09202,2.50589,0.24868
2020-09-23,0.05855,2.13096,0.11179
2020-09-24,0.08593,2.13324,0.08441
2020-09-25,0.04487,1.63966,0.06312
2020-09-26,0.02737,1.04038,0.0654
2020-09-27,0.04487,0.93847,0.09506
2020-09-28,0.07224,1.81154,0.08593
2020-09-29,0.04258,1.48604,0.08441
2020-09-30,0.0365,0.83808,0.05399
2020-10-01,0.02813,0.80538,0.17796
2020-10-02,0.03118,0.7993,0.05779
2020-10-03,0.05475,0.82667,0.06692
2020-10-04,0.07148,0.92934,0.07148
2020-10-05,0.073,1.91649,0.08441
2020-10-06,0.07148,2.02677,0.08898
2020-10-07,0.06312,1.56361,0.07833
2020-10-08,0.07148,1.82751,0.09202
2020-10-09,0.03802,1.0495,0.04791
2020-10-10,0.04791,0.94303,0.07681
2020-10-11,0.03346,0.96889,0.08137
2020-10-12,0.04715,2.06631,0.09278
2020-10-13,0.04715,1.89976,0.10038
2020-10-14,0.06084,1.77275,0.06768
2020-10-15,0.09278,1.91345,0.0654
2020-10-16,0.09582,1.43737,0.08669
2020-10-17,0.02281,0.88675,0.04106
2020-10-18,0.03878,0.84493,0.06692
2020-10-19,0.06768,1.8123,0.07148
2020-10-20,0.04258,1.94235,0.09202
2020-10-21,0.08061,1.45714,0.07605
2020-10-22,0.073,1.38489,0.07833
2020-10-23,0.08213,1.39934,0.08745
2020-10-24,0.02966,0.93771,0.08898
2020-10-25,0.04563,0.87839,0.25173
2020-10-26,0.04867,1.61837,0.12928
2020-10-27,0.05703,1.54156,0.07605
2020-10-28,0.07605,1.73245,0.10114
2020-10-29,0.08061,1.59631,0.08974
2020-10-30,0.04639,1.20617,0.07148
2020-10-31,0.04182,0.75442,0.0692
2020-11-01,0.04182,0.81451,0.06616
2020-11-02,0.05019,1.67465,0.09658
2020-11-03,0.0616,1.79025,0.10114
2020-11-04,0.03878,2.54239,0.05475
2020-11-05,0.03726,1.91117,0.05779
2020-11-06,0.05703,1.65792,0.06616
2020-11-07,0.04258,1.00235,0.05399
2020-11-08,0.0616,0.9225,0.19925
2020-11-09,0.06312,1.88987,0.08898
2020-11-10,0.06388,1.98037,0.07757
2020-11-11,0.05247,2.26024,0.0692
2020-11-12,0.04791,2.72568,0.08137
2020-11-13,0.05703,2.07011,0.05323
2020-11-14,0.03802,1.2153,0.06084
2020-11-15,0.05627,1.17499,0.07605
2020-11-16,0.08898,2.2899,0.08517
2020-11-17,0.06464,1.87542,0.05779
2020-11-18,0.06844,1.68682,0.07224
2020-11-19,0.0654,1.61685,0.11103
2020-11-20,0.05779,1.80622,0.14297
2020-11-21,0.04258,1.04418,0.07376
2020-11-22,0.06388,1.01832,0.08593
2020-11-23,0.11711,2.34922,0.08289
2020-11-24,0.07224,2.47395,0.07681
2020-11-25,0.05627,2.22526,0.05855
2020-11-26,0.07681,1.89824,0.0905
2020-11-27,0.05323,1.66172,0.07681
2020-11-28,0.05779,1.14381,0.06084
2020-11-29,0.04867,0.97802,0.12624
2020-11-30,0.07605,1.92105,0.0905
2020-12-01,0.08289,1.89824,0.08517
2020-12-02,0.06996,5.79435,0.07453
2020-12-03,0.07985,4.41326,0.11103
2020-12-04,0.07681,4.45204,0.06844
2020-12-05,0.05932,1.86325,0.05932
2020-12-06,0.08821,2.22146,0.08213
2020-12-07,0.0943,7.39676,0.07833
2020-12-08,0.06388,7.42718,0.07529
2020-12-09,0.08669,5.30838,0.07072
2020-12-10,0.09126,4.35698,0.0654
2020-12-11,0.09354,3.62232,0.05551
2020-12-12,0.07072,1.97049,0.0654
2020-12-13,0.07148,1.69442,0.06768
2020-12-14,0.08974,3.61776,0.07605
2020-12-15,0.09126,4.09612,0.07757
2020-12-16,0.08289,3.12114,0.06084
2020-12-17,0.09202,2.85192,0.0616
2020-12-18,0.10266,2.33021,0.08974
2020-12-19,0.0905,1.36284,0.07909
2020-12-20,0.09582,1.25104,0.08061
2020-12-21,0.08517,2.67853,0.08365
2020-12-22,0.07605,2.61008,0.0692
2020-12-23,0.06768,2.40854,0.09962
2020-12-24,0.07833,1.99787,0.06388
2020-12-25,0.07453,1.04722,0.07833
2020-12-26,0.08517,1.11415,0.07148
2020-12-27,0.08821,1.15598,0.073
2020-12-28,0.13461,2.28838,0.07148
2020-12-29,0.10571,2.36291,0.08593
2020-12-30,0.09658,2.05795,0.07909
2020-12-31,0.10038,1.41835,0.07757
2021-01-01,0.05855,1.05711,0.07529
2021-01-02,0.09506,1.03734,0.08365
2021-01-03,0.10038,1.16662,0.07909
2021-01-04,0.12092,2.65875,0.07757
2021-01-05,0.11787,2.8253,0.07224
2021-01-06,0.12852,3.69229,0.06692
2021-01-07,0.127,2.7812,0.07072
2021-01-08,0.0943,2.58574,0.06616
2021-01-09,0.08441,1.3423,0.06616
2021-01-10,0.1521,1.39021,0.0692
2021-01-11,0.13689,2.77891,0.08593
2021-01-12,0.12244,2.35074,0.05703
2021-01-13,0.09202,2.34238,0.08061
2021-01-14,0.1019,2.2572,0.06464
2021-01-15,0.10723,1.9857,0.09582
2021-01-16,0.11331,1.25028,0.0905
2021-01-17,0.11103,1.37653,0.1019
2021-01-18,0.14753,2.53403,0.07833
2021-01-19,0.11179,2.3728,0.10266
2021-01-20,0.11255,2.87094,0.07453
2021-01-21,0.10038,6.32519,0.0654
2021-01-22,0.09202,3.32953,0.07376
2021-01-23,0.09886,1.63434,0.06692
2021-01-24,0.11711,1.46398,0.0692
2021-01-25,0.09202,3.03977,0.0654
2021-01-26,0.08365,2.86257,0.10114
2021-01-27,0.1848,2.45189,0.0692
2021-01-28,0.1232,2.33249,0.07909
2021-01-29,0.1019,2.22374,0.07529
2021-01-30,0.06616,1.194,0.06616
2021-01-31,0.09354,1.1864,0.08517
2021-02-01,0.09126,2.79945,0.09582
2021-02-02,0.10342,2.57053,0.07681
2021-02-03,0.06464,2.1667,0.07605
2021-02-04,0.09582,2.13552,0.08593
2021-02-05,0.08669,2.05643,0.06388
2021-02-06,0.06008,1.26473,0.0654
2021-02-07,0.08745,1.40923,0.07224
2021-02-08,0.0943,2.32413,0.09734
2021-02-09,0.10799,2.42984,0.07148
2021-02-10,0.12472,2.15529,0.07681
2021-02-11,0.10266,1.17271,0.07833
2021-02-12,0.08289,1.03201,0.04791
2021-02-13,0.08137,1.11567,0.05247
2021-02-14,0.0905,1.20769,0.07529
2021-02-15,0.0981,2.43136,0.07148
2021-02-16,0.07224,2.65419,0.07529
2021-02-17,0.11407,2.2534,0.11331
2021-02-18,0.10647,2.77663,0.08821
2021-02-19,0.07681,2.35911,0.08061
2021-02-20,0.0654,1.48832,0.05399
2021-02-21,0.07681,1.36436,0.073
2021-02-22,0.08213,2.84356,0.07605
2021-02-23,0.08517,5.62172,0.07072
2021-02-24,0.09734,4.37295,0.0692
2021-02-25,0.11027,6.47805,0.07757
2021-02-26,0.07529,3.36147,0.10875
2021-02-27,0.06996,1.49364,0.05855
2021-02-28,0.12852,1.44269,0.08745
2021-03-01,0.12092,1.74005,0.1019
2021-03-02,0.1308,3.20252,0.10951
2021-03-03,0.15286,3.47098,0.06236
2021-03-04,0.12396,3.12191,0.08365
2021-03-05,0.12776,2.80325,0.08289
2021-03-06,0.10495,2.0473,0.07529
2021-03-07,0.19164,2.51578,0.07757
2021-03-08,0.1886,9.83953,0.07833
2021-03-09,0.13613,5.97688,0.08289
2021-03-10,0.13385,4.71214,0.0981
2021-03-11,0.1232,5.98676,0.08289
2021-03-12,0.11407,5.32588,0.07453
2021-03-13,0.11559,2.36595,0.08593
2021-03-14,0.13841,2.59867,0.08974
2021-03-15,0.2213,5.3601,0.09582
2021-03-16,0.1521,5.97916,0.08289
2021-03-17,0.17719,7.86827,0.08137
2021-03-18,0.2464,7.09863,0.08213
2021-03-19,0.17948,5.47342,0.08669
2021-03-20,0.28823,3.18123,0.08441
2021-03-21,0.16046,2.60628,0.05627
2021-03-22,0.16351,5.26199,0.08593
2021-03-23,0.18024,9.84105,0.07453
2021-03-24,0.181,7.48497,0.0905
2021-03-25,0.23728,8.01277,0.07148
2021-03-26,0.1521,11.43128,0.05932
2021-03-27,0.11635,3.31432,0.07072
2021-03-28,0.17263,3.17134,0.0616
2021-03-29,0.18176,6.68111,0.05095
2021-03-30,0.19088,8.63411,0.06312
2021-03-31,0.13993,6.96859,0.05703
2021-04-01,0.12016,7.7831,0.08289
2021-04-02,0.14906,6.21111,0.04639
2021-04-03,0.12928,2.71351,0.05779
2021-04-04,0.13232,2.61084,0.0692
2021-04-05,0.15818,9.46155,0.06768
2021-04-06,0.13689,6.20199,0.08365
2021-04-07,0.11864,5.56772,0.07909
2021-04-08,0.15362,4.31819,0.06236
2021-04-09,0.22359,4.00258,0.05475
2021-04-10,0.10038,2.14312,0.05779
2021-04-11,0.1019,2.20777,0.07681
2021-04-12,0.14145,4.72279,0.08669
2021-04-13,0.34983,5.61183,0.09658
2021-04-14,0.1848,5.38748,0.06084
2021-04-15,0.15742,4.87869,0.07072
2021-04-16,0.13461,4.84599,0.05932
2021-04-17,0.17415,2.41843,0.06084
2021-04-18,0.12548,2.20777,0.06464
2021-04-19,0.16046,4.58666,0.05627
2021-04-20,0.24716,4.78819,0.10419
2021-04-21,0.22435,5.02927,0.0616
2021-04-22,0.14753,5.1791,0.06844
2021-04-23,0.13004,4.20792,0.05627
2021-04-24,0.11255,1.89063,0.04791
2021-04-25,0.10951,2.07468,0.073
2021-04-26,0.14906,4.64445,0.06008
2021-04-27,0.17567,7.50779,0.07757
2021-04-28,0.28899,8.08806,0.07605
2021-04-29,0.17948,4.4992,0.07376
2021-04-30,0.11559,3.52498,0.05627
2021-05-01,0.11559,1.91953,0.05932
2021-05-02,0.14753,1.84348,0.05475
2021-05-03,0.13004,4.60263,0.07376
2021-05-04,0.14906,4.69921,0.07072
2021-05-05,0.10419,2.026,0.05703
2021-05-06,0.09962,3.89839,0.05779
2021-05-07,0.10951,3.59418,0.06008
2021-05-08,0.11635,1.81382,0.07148
2021-05-09,0.0943,1.77503,0.05399
2021-05-10,0.14601,5.29393,0.06844
2021-05-11,0.12244,4.69465,0.06692
2021-05-12,0.12016,4.27941,0.05703
2021-05-13,0.16959,3.41166,0.0654
2021-05-14,0.14982,3.72271,0.07453
2021-05-15,0.12396,2.26328,0.06464
2021-05-16,0.17111,2.0724,0.07376
2021-05-17,0.21826,4.68628,0.07833
2021-05-18,0.16198,4.16533,0.07605
2021-05-19,0.13841,1.91497,0.07605
2021-05-20,0.1521,3.7577,0.06236
2021-05-21,0.12244,3.24131,0.06996
2021-05-22,0.08365,1.77427,0.04563
2021-05-23,0.10266,1.83892,0.05627
2021-05-24,0.12776,4.24899,0.07453
2021-05-25,0.11635,3.73032,0.0654
2021-05-26,0.13917,4.85816,0.06388
2021-05-27,0.14677,4.66575,0.0654
2021-05-28,0.12852,4.09917,0.08669
2021-05-29,0.08974,2.03969,0.04791
2021-05-30,0.10342,2.01079,0.04106
2021-05-31,0.21598,4.58057,0.07605
2021-06-01,0.16731,6.06053,0.06692
2021-06-02,0.12624,5.16465,0.12624
2021-06-03,0.19773,4.80644,0.10266
2021-06-04,0.10342,3.74629,0.05019
2021-06-05,0.10571,1.9241,0.06084
2021-06-06,0.09962,1.8123,0.06008
2021-06-07,0.19088,4.0908,0.08517
2021-06-08,0.1194,4.25051,0.07072
2021-06-09,0.11787,3.84211,0.08365
2021-06-10,0.19925,4.268,0.09658
2021-06-11,0.14297,3.68316,0.06844
2021-06-12,0.08898,1.95452,0.07376
2021-06-13,0.11483,1.93931,0.0616
2021-06-14,0.1308,3.56985,0.06692
2021-06-15,0.11255,5.1867,0.0654
2021-06-16,0.13537,6.12365,0.07833
2021-06-17,0.1232,5.1829,0.08061
2021-06-18,0.15286,4.89086,0.073
2021-06-19,0.09734,2.31348,0.05475
2021-06-20,0.08669,2.28382,0.04258
2021-06-21,0.09126,5.31295,0.06996
2021-06-22,0.14373,8.2067,0.05855
2021-06-23,0.12396,9.50642,0.08061
2021-06-24,0.13004,6.03924,0.06236
2021-06-25,0.11559,4.17598,0.05095
2021-06-26,0.09126,1.92181,0.05855
2021-06-27,0.07985,1.79329,0.07909
2021-06-28,0.09278,3.68773,0.05475
2021-06-29,0.10723,3.44284,0.06996
2021-06-30,0.10266,3.25576,0.06312
2021-07-01,0.0905,3.24587,0.06692
2021-07-02,0.1019,3.5516,0.06464
2021-07-03,0.08137,2.07087,0.05627
2021-07-04,0.08669,1.83207,0.07985
2021-07-05,0.13004,4.3547,0.05323
2021-07-06,0.09202,4.1813,0.04639
2021-07-07,0.10266,4.90759,0.05779
2021-07-08,0.10951,3.39113,0.05779
2021-07-09,0.09962,2.80857,0.04639
2021-07-10,0.07453,1.63586,0.05551
2021-07-11,0.09962,1.64194,0.06996
2021-07-12,0.09354,3.14548,0.09202
2021-07-13,0.0905,4.06038,0.07376
2021-07-14,0.09962,5.35554,0.09962
2021-07-15,0.08365,4.63381,0.08137
2021-07-16,0.09734,4.58057,0.07453
2021-07-17,0.07148,2.09293,0.07605
2021-07-18,0.08593,1.89976,0.07833
2021-07-19,0.08213,3.76454,0.08821
2021-07-20,0.10495,3.4976,0.06616
2021-07-21,0.07833,3.56605,0.08441
2021-07-22,0.09278,3.09529,0.07985
2021-07-23,0.08061,3.78583,0.09734
2021-07-24,0.04867,1.84576,0.05551
2021-07-25,0.06768,1.57578,0.05627
2021-07-26,0.07985,3.30519,0.05855
2021-07-27,0.08898,4.51973,0.06768
2021-07-28,0.0692,3.69381,0.07224
2021-07-29,0.13993,5.61183,0.0654
2021-07-30,0.09734,3.81169,0.07376
2021-07-31,0.04182,1.86097,0.05855
2021-08-01,0.09278,2.10358,0.06692
2021-08-02,0.10647,3.61092,0.06464
2021-08-03,0.1019,3.82386,0.07985
2021-08-04,0.09734,3.07856,0.08137
2021-08-05,0.11027,3.11278,0.09126
2021-08-06,0.10419,3.59875,0.07833
2021-08-07,0.07909,2.09141,0.07148
2021-08-08,0.07757,2.06707,0.05855
2021-08-09,0.11179,4.33645,0.08898
2021-08-10,0.08898,4.74028,0.07985
2021-08-11,0.11103,4.37599,0.08213
2021-08-12,0.08593,3.61776,0.06768
2021-08-13,0.10419,3.27021,0.05855
2021-08-14,0.07605,2.04958,0.06312
2021-08-15,0.07985,1.81534,0.07985
2021-08-16,0.14906,2.36443,0.07529
2021-08-17,0.1521,3.37211,0.07605
2021-08-18,0.12776,3.38276,0.05627
2021-08-19,0.11103,3.04661,0.08669
2021-08-20,0.12624,2.99262,0.05855
2021-08-21,0.09354,1.82219,0.0616
2021-08-22,0.10723,1.83359,0.07909
2021-08-23,0.12092,3.79952,0.09734
2021-08-24,0.16503,5.64909,0.06844
2021-08-25,0.23271,6.19895,0.08213
2021-08-26,0.10723,4.05125,0.08517
2021-08-27,0.11331,3.40558,0.06616
2021-08-28,0.18024,2.23819,0.04791
2021-08-29,0.0905,2.05186,0.06768
2021-08-30,0.12396,3.3493,0.08061
2021-08-31,0.13765,3.46946,0.07148
2021-09-01,0.12016,4.14328,0.07757
2021-09-02,0.12016,2.83975,0.08441
2021-09-03,0.127,2.6945,0.07453
2021-09-04,0.11864,1.75906,0.0616
2021-09-05,0.10266,1.73777,0.06236
2021-09-06,0.13004,3.02912,0.08289
2021-09-07,0.12624,3.16145,0.0616
2021-09-08,0.13993,3.26108,0.07529
2021-09-09,0.09278,4.25887,0.07909
2021-09-10,0.13004,3.35766,0.07072
2021-09-11,0.0905,1.79709,0.06236
2021-09-12,0.08974,2.00015,0.0692
2021-09-13,0.11864,3.67936,0.06616
2021-09-14,0.11787,4.74788,0.05779
2021-09-15,0.09734,3.99802,0.08593
2021-09-16,0.14297,3.03749,0.07605
2021-09-17,0.10723,2.83671,0.03954
2021-09-18,0.06388,1.7583,0.06008
2021-09-19,0.06008,1.61305,0.03346
2021-09-20,0.0943,1.98418,0.05095
2021-09-21,0.07909,1.7005,0.04943
2021-09-22,0.073,1.84044,0.05703
2021-09-23,0.08365,3.68469,0.07757
2021-09-24,0.12396,2.97208,0.05171
2021-09-25,0.08974,1.81458,0.05703
2021-09-26,0.11103,1.82827,0.06464
2021-09-27,0.13232,3.28694,0.05399
2021-09-28,0.10342,5.02319,0.05779
2021-09-29,0.20153,5.18974,0.08061
2021-09-30,0.21978,3.88394,0.07376
2021-10-01,0.17035,3.61852,0.06616
2021-10-02,0.14677,2.30435,0.07605
2021-10-03,0.13461,1.90508,0.07148
2021-10-04,0.13765,2.67092,0.0692
2021-10-05,0.15286,3.32724,0.06084
2021-10-06,0.10799,3.59799,0.04867
2021-10-07,0.11559,3.58278,0.06084
2021-10-08,0.11027,3.12799,0.06844
2021-10-09,0.10419,1.87999,0.0692
2021-10-10,0.10038,1.94919,0.06768
2021-10-11,0.10495,2.32261,0.04563
2021-10-12,0.12472,3.63829,0.06008
2021-10-13,0.12016,3.13331,0.06692
2021-10-14,0.127,3.57365,0.05323
2021-10-15,0.20001,3.93566,0.05627
2021-10-16,0.11103,2.2534,0.04867
2021-10-17,0.1232,2.21613,0.06236
2021-10-18,0.1483,8.25157,0.05095
2021-10-19,0.181,7.69488,0.05932
2021-10-20,0.11787,6.2788,0.0654
2021-10-21,0.12472,7.95041,0.06844
2021-10-22,0.14677,8.83793,0.05171
2021-10-23,0.08898,3.37135,0.05247
2021-10-24,0.09734,3.18731,0.05779
2021-10-25,0.14753,6.65297,0.06692
2021-10-26,0.20914,8.41965,0.06312
2021-10-27,0.21446,7.88805,0.05019
2021-10-28,0.17643,6.08259,0.0692
2021-10-29,0.12548,4.53038,0.03422
2021-10-30,0.08441,2.77435,0.03878
2021-10-31,0.11407,2.65647,0.03878
2021-11-01,0.11787,15.14791,0.06768
2021-11-02,0.14906,8.81359,0.05551
2021-11-03,0.15134,7.22336,0.05095
2021-11-04,0.17643,6.51836,0.05551
2021-11-05,0.14221,5.39356,0.07224
2021-11-06,0.11255,2.61997,0.04791
2021-11-07,0.10647,2.64354,0.05171
2021-11-08,0.1232,9.43341,0.06008
2021-11-09,0.13537,10.73161,0.05171
2021-11-10,0.13841,11.07156,0.04791
2021-11-11,0.15742,9.1794,0.06616
2021-11-12,0.14069,7.20739,0.04867
2021-11-13,0.07529,3.35919,0.05475
2021-11-14,0.13613,3.21241,0.05399
2021-11-15,0.14145,7.14807,0.073
2021-11-16,0.16198,9.55738,0.05475
2021-11-17,0.14982,10.99094,0.0692
2021-11-18,0.14601,9.0311,0.05323
2021-11-19,0.15134,6.41341,0.05703
2021-11-20,0.11635,2.61845,0.05551
2021-11-21,0.2175,3.17286,0.06464
2021-11-22,0.18328,9.1429,0.06084
2021-11-23,0.15514,10.56125,0.05019
2021-11-24,0.15742,9.87755,0.06692
2021-11-25,0.16655,11.1324,0.08441
2021-11-26,0.13385,7.36786,0.06996
2021-11-27,0.14753,2.97969,0.05627
2021-11-28,0.12928,2.55152,0.073
2021-11-29,0.16275,6.79671,0.05551
2021-11-30,0.13917,7.41653,0.04943
2021-12-01,0.12776,7.42794,0.06388
2021-12-02,0.16959,7.41044,0.05171
2021-12-03,0.17567,6.07726,0.07148
2021-12-04,0.11255,2.53555,0.04943
2021-12-05,0.11027,2.61921,0.06464
2021-12-06,0.14069,6.67199,0.06616
2021-12-07,0.1232,6.88189,0.05703
2021-12-08,0.13613,5.90158,0.07529
2021-12-09,0.13232,6.35333,0.05475
2021-12-10,0.13232,6.16168,0.06312
2021-12-11,0.07529,3.04053,0.05551
2021-12-12,0.11407,3.02152,0.08213
2021-12-13,0.13993,6.48262,0.04715
2021-12-14,0.1194,7.35645,0.04563
2021-12-15,0.11103,6.11377,0.04639
2021-12-16,0.09886,5.14487,0.04106
2021-12-17,0.09278,4.59654,0.06008
2021-12-18,0.11864,2.33401,0.04867
2021-12-19,0.1194,2.32108,0.05247
2021-12-20,0.17339,5.62552,0.05095
2021-12-21,0.20609,7.43174,0.06008
2021-12-22,0.16275,9.01133,0.05855
2021-12-23,0.11255,6.26055,0.04334
2021-12-24,0.0943,4.66879,0.06084
2021-12-25,0.08898,2.44809,0.03802
2021-12-26,0.11331,2.47623,0.05932
2021-12-27,0.11179,5.71146,0.05019
2021-12-28,0.12928,8.03255,0.06084
2021-12-29,0.13993,13.35995,0.05171
2021-12-30,0.12168,8.78165,0.05323
2021-12-31,0.13156,3.5341,0.05019
2022-01-01,0.10951,2.86333,0.04106
2022-01-02,0.11255,3.29606,0.05932
2022-01-03,0.14145,8.43866,0.05095
2022-01-04,0.127,9.58399,0.07985
2022-01-05,0.13993,8.48733,0.0403
2022-01-06,0.11255,8.66149,0.05703
2022-01-07,0.14297,9.26078,0.06236
2022-01-08,0.14982,4.84523,0.073
2022-01-09,0.18556,6.61495,0.09354
2022-01-10,0.12776,15.00114,0.07453
2022-01-11,0.14373,25.04905,0.08365
2022-01-12,0.13232,27.33059,0.09582
2022-01-13,0.14145,21.92486,0.08441
2022-01-14,0.13232,10.52399,0.07376
2022-01-15,0.11331,4.41934,0.04334
2022-01-16,0.13841,4.2353,0.07909
2022-01-17,0.12928,9.08586,0.06388
2022-01-18,0.12776,8.65389,0.07072
2022-01-19,0.12852,8.2934,0.06312
2022-01-20,0.13841,10.92022,0.05703
2022-01-21,0.26846,9.91178,0.06236
2022-01-22,0.12472,5.18366,0.06388
2022-01-23,0.14069,7.83253,0.07605
2022-01-24,0.17263,100,0.07453
2022-01-25,0.16046,50.32397,0.0654
2022-01-26,0.12548,31.46551,0.0692
2022-01-27,0.14601,20.21446,0.07681
2022-01-28,0.11179,14.17826,0.05855
2022-01-29,0.11559,4.63381,0.05399
2022-01-30,0.08745,3.4938,0.0616
2022-01-31,0.10266,3.21089,0.06844
2022-02-01,0.08441,2.95535,0.06084
2022-02-02,0.11103,3.798,0.05551
2022-02-03,0.14525,10.82211,0.05779
2022-02-04,0.13613,10.00988,0.09126
2022-02-05,0.10647,3.93946,0.10419
2022-02-06,0.11864,3.75009,0.09202
2022-02-07,0.16351,10.10647,0.06768
2022-02-08,0.11027,9.48969,0.06768
2022-02-09,0.13689,8.0546,0.06312
2022-02-10,0.1232,7.87284,0.06312
2022-02-11,0.08517,7.19598,0.06008
2022-02-12,0.10266,3.25119,0.08289
2022-02-13,0.11179,2.96524,0.09202
2022-02-14,0.1019,7.11689,0.06388
2022-02-15,0.12852,7.04844,0.05019
2022-02-16,0.11407,7.66217,0.05019
2022-02-17,0.12776,7.28116,0.07605
2022-02-18,0.12092,5.48786,0.05323
2022-02-19,0.10571,2.59715,0.073
2022-02-20,0.14145,2.64963,0.07224
2022-02-21,0.21978,5.74644,0.06464
2022-02-22,0.32169,7.10168,0.0616
2022-02-23,0.24336,7.50855,0.11179
2022-02-24,0.24716,5.88561,0.18024
2022-02-25,0.27682,4.84675,0.08593
2022-02-26,0.27758,2.74013,0.05855
2022-02-27,0.32093,2.48536,0.07757
2022-02-28,0.32626,5.33424,0.06768
2022-03-01,0.27302,2.52718,0.07148
2022-03-02,0.43653,4.86957,0.0692
2022-03-03,0.19088,5.46353,0.06844
2022-03-04,0.11787,4.53646,0.0654
2022-03-05,0.12472,2.50437,0.05019
2022-03-06,0.10951,2.55076,0.06844
2022-03-07,0.11635,4.88326,0.06008
2022-03-08,0.14069,5.21484,0.04715
2022-03-09,0.10647,2.20777,0.03042
2022-03-10,0.09582,4.83382,0.0692
2022-03-11,0.10266,5.3274,0.05779
2022-03-12,0.09962,2.83367,0.05703
2022-03-13,0.11103,2.66636,0.05247
2022-03-14,0.13917,4.77146,0.06312
2022-03-15,0.21066,4.43683,0.06692
2022-03-16,0.15362,5.09696,0.06768
2022-03-17,0.17643,6.91611,0.06236
2022-03-18,0.14525,5.45136,0.10419
2022-03-19,0.12472,3.26336,0.07453
2022-03-20,0.16046,2.97893,0.06464
2022-03-21,0.13385,6.37919,0.06084
2022-03-22,0.15514,7.85763,0.06464
2022-03-23,0.1232,13.30519,0.06388
2022-03-24,0.10951,8.9368,0.07072
2022-03-25,0.08517,6.96706,0.05703
2022-03-26,0.08745,3.24359,0.08669
2022-03-27,0.34451,4.22389,0.073
2022-03-28,0.17111,8.92463,0.08745
2022-03-29,0.13993,7.30093,0.07072
2022-03-30,0.13232,6.29401,0.07376
2022-03-31,0.09734,6.24762,0.05019
2022-04-01,0.08517,5.01026,0.04715
2022-04-02,0.05779,2.42984,0.04943
2022-04-03,0.08745,2.37964,0.04334
2022-04-04,0.10723,6.32139,0.06844
2022-04-05,0.10723,6.4347,0.06312
2022-04-06,0.10951,5.56772,0.03498
2022-04-07,0.07072,4.46117,0.0441
2022-04-08,0.1194,4.36687,0.05627
2022-04-09,0.06312,1.93931,0.05247
2022-04-10,0.07376,1.88151,0.03726
2022-04-11,0.10799,4.21857,0.06388
2022-04-12,0.12168,4.2391,0.04715
2022-04-13,0.1194,4.46345,0.06312
2022-04-14,0.11559,4.7707,0.0654
2022-04-15,0.08061,4.11286,0.05779
2022-04-16,0.08745,2.56445,0.04258
2022-04-17,0.08137,2.56369,0.04791
2022-04-18,0.11027,4.51973,0.08669
2022-04-19,0.08517,4.32428,0.06388
2022-04-20,0.0981,5.33652,0.07072
2022-04-21,0.19393,4.31363,0.04943
2022-04-22,0.1597,3.70826,0.04715
2022-04-23,0.0981,1.82523,0.04563
2022-04-24,0.07757,1.83436,0.04867
2022-04-25,0.0943,6.02859,0.05779
2022-04-26,0.12016,6.31911,0.03726
